Scaled Time (t_scaled),Time (s),Mass (Solar Masses),Temperature (K)
0.0,0.0,5.0,1.2362021114388891e-08
0.002004008016032064,1.6534256335296803e+74,4.996657753014763,1.237029002729894e-08
0.004008016032064128,3.3068512670593605e+74,4.993311028803162,1.2378581108887907e-08
0.0060120240480961915,4.960276900589041e+74,4.989959812340924,1.2386894463373978e-08
0.008016032064128256,6.613702534118721e+74,4.986604088522956,1.2395230195676665e-08
0.01002004008016032,8.267128167648401e+74,4.98324384216273,1.2403588411422962e-08
0.012024048096192383,9.920553801178082e+74,4.979879057991683,1.2411969216953559e-08
0.014028056112224447,1.1573979434707762e+75,4.976509720658611,1.2420372719329132e-08
0.01603206412825651,1.3227405068237442e+75,4.973135814729049,1.2428799026336678e-08
0.018036072144288574,1.4880830701767122e+75,4.969757324684644,1.2437248246495942e-08
0.02004008016032064,1.6534256335296803e+75,4.966374234922538,1.2445720489065908e-08
0.022044088176352703,1.818768196882648e+75,4.962986529754725,1.245421586405135e-08
0.024048096192384766,1.9841107602356163e+75,4.959594193407412,1.246273448220948e-08
0.026052104208416832,2.1494533235885845e+75,4.956197210020375,1.2471276455056629e-08
0.028056112224448895,2.3147958869415524e+75,4.9527955636463075,1.2479841894875045e-08
0.03006012024048096,2.4801384502945206e+75,4.949389238250157,1.2488430914719743e-08
0.03206412825651302,2.6454810136474884e+75,4.945978217708466,1.2497043628425413e-08
0.03406813627254509,2.8108235770004567e+75,4.942562485808692,1.2505680150613456e-08
0.03607214428857715,2.9761661403534245e+75,4.939142026248538,1.2514340596699045e-08
0.038076152304609215,3.1415087037063927e+75,4.935716822635264,1.252302508289829e-08
0.04008016032064128,3.3068512670593605e+75,4.932286858484995,1.2531733726235483e-08
0.04208416833667334,3.4721938304123284e+75,4.928852117222021,1.2540466644550416e-08
0.044088176352705406,3.637536393765296e+75,4.925412582178103,1.2549223956505784e-08
0.04609218436873747,3.8028789571182644e+75,4.921968236591741,1.255800578159468e-08
0.04809619238476953,3.968221520471233e+75,4.918519063607478,1.2566812240148148e-08
0.0501002004008016,4.133564083824201e+75,4.915065046275158,1.2575643453342848e-08
0.052104208416833664,4.298906647177169e+75,4.911606167549196,1.2584499543208816e-08
0.05410821643286573,4.464249210530137e+75,4.908142410287846,1.259338063263725e-08
0.05611222444889779,4.629591773883105e+75,4.904673757252443,1.2602286845388462e-08
0.058116232464929855,4.794934337236073e+75,4.9012001911066525,1.2611218306099884e-08
0.06012024048096192,4.960276900589041e+75,4.89772169441571,1.2620175140294146e-08
0.06212424849699398,5.125619463942009e+75,4.894238249645647,1.2629157474387284e-08
0.06412825651302605,5.290962027294977e+75,4.890749839162516,1.2638165435697018e-08
0.06613226452905811,5.456304590647945e+75,4.887256445231603,1.2647199152451132e-08
0.06813627254509018,5.621647154000913e+75,4.8837580500166355,1.2656258753795945e-08
0.07014028056112225,5.7869897173538815e+75,4.8802546355789795,1.2665344369804892e-08
0.0721442885771543,5.952332280706849e+75,4.876746183876834,1.2674456131487182e-08
0.07414829659318636,6.117674844059817e+75,4.873232676764407,1.2683594170796583e-08
0.07615230460921843,6.2830174074127854e+75,4.869714095991094,1.2692758620640281e-08
0.0781563126252505,6.448359970765753e+75,4.866190423200646,1.2701949614887865e-08
0.08016032064128256,6.613702534118721e+75,4.862661639930318,1.2711167288380403e-08
0.08216432865731463,6.779045097471689e+75,4.859127727610026,1.2720411776939625e-08
0.08416833667334668,6.944387660824657e+75,4.855588667561487,1.2729683217377214e-08
0.08617234468937875,7.109730224177625e+75,4.852044440997345,1.2738981747504213e-08
0.08817635270541081,7.275072787530592e+75,4.848495029020293,1.2748307506140534e-08
0.09018036072144288,7.440415350883561e+75,4.844940412622194,1.2757660633124567e-08
0.09218436873747494,7.605757914236529e+75,4.841380572683178,1.276704126932294e-08
0.09418837675350701,7.771100477589498e+75,4.837815489970739,1.277644955664035e-08
0.09619238476953906,7.936443040942465e+75,4.834245145138823,1.2785885638029532e-08
0.09819639278557113,8.101785604295433e+75,4.830669518726898,1.2795349657501358e-08
0.1002004008016032,8.267128167648402e+75,4.82708859115903,1.2804841760135018e-08
0.10220440881763526,8.432470731001369e+75,4.823502342742931,1.2814362092088368e-08
0.10420841683366733,8.597813294354338e+75,4.81991075366901,1.2823910800608374e-08
0.1062124248496994,8.763155857707306e+75,4.816313804009409,1.2833488034041665e-08
0.10821643286573146,8.928498421060275e+75,4.812711473717033,1.2843093941845274e-08
0.11022044088176351,9.09384098441324e+75,4.80910374262456,1.2852728674597418e-08
0.11222444889779558,9.25918354776621e+75,4.8054905904434575,1.2862392384008505e-08
0.11422845691382764,9.424526111119177e+75,4.801871996762967,1.2872085222932186e-08
0.11623246492985971,9.589868674472146e+75,4.798247941049099,1.2881807345376606e-08
0.11823647294589178,9.755211237825113e+75,4.794618402643599,1.289155890651576e-08
0.12024048096192384,9.920553801178082e+75,4.790983360762923,1.2901340062700975e-08
0.1222444889779559,1.008589636453105e+76,4.787342794497175,1.291115097147258e-08
0.12424849699398796,1.0251238927884017e+76,4.783696682809064,1.2920991791571653e-08
0.12625250501002003,1.0416581491236986e+76,4.78004500453282,1.2930862682951977e-08
0.1282565130260521,1.0581924054589954e+76,4.776387738373123,1.2940763806792093e-08
0.13026052104208416,1.0747266617942923e+76,4.772724862904007,1.2950695325507524e-08
0.13226452905811623,1.091260918129589e+76,4.769056356567753,1.2960657402763142e-08
0.1342685370741483,1.1077951744648859e+76,4.765382197673776,1.2970650203485693e-08
0.13627254509018036,1.1243294308001827e+76,4.761702364397492,1.2980673893876484e-08
0.13827655310621242,1.1408636871354796e+76,4.758016834779186,1.2990728641424196e-08
0.1402805611222445,1.1573979434707763e+76,4.754325586722846,1.3000814614917894e-08
0.14228456913827653,1.1739321998060729e+76,4.750628597995006,1.3010931984460181e-08
0.1442885771543086,1.1904664561413698e+76,4.74692584622357,1.3021080921480511e-08
0.14629258517034066,1.2070007124766665e+76,4.743217308896611,1.303126159874868e-08
0.14829659318637273,1.2235349688119634e+76,4.739502963361171,1.3041474190388487e-08
0.1503006012024048,1.2400692251472602e+76,4.735782786822047,1.3051718871891547e-08
0.15230460921843686,1.2566034814825571e+76,4.732056756340557,1.3061995820131305e-08
0.15430861723446893,1.2731377378178538e+76,4.728324848833291,1.3072305213377212e-08
0.156312625250501,1.2896719941531506e+76,4.724587041070864,1.3082647231309073e-08
0.15831663326653306,1.3062062504884475e+76,4.720843309676627,1.3093022055031602e-08
0.16032064128256512,1.3227405068237442e+76,4.717093631125397,1.3103429867089135e-08
0.1623246492985972,1.3392747631590411e+76,4.713337981742145,1.3113870851480548e-08
0.16432865731462926,1.3558090194943379e+76,4.709576337700685,1.3124345193674354e-08
0.16633266533066132,1.3723432758296348e+76,4.705808675022344,1.3134853080624016e-08
0.16833667334669336,1.3888775321649313e+76,4.702034969574616,1.3145394700783411e-08
0.17034068136272543,1.4054117885002281e+76,4.6982551970698,1.315597024412256e-08
0.1723446893787575,1.421946044835525e+76,4.694469333063627,1.3166579902143481e-08
0.17434869739478956,1.4384803011708217e+76,4.690677352953868,1.3177223867896324e-08
0.17635270541082163,1.4550145575061185e+76,4.686879231978926,1.3187902335995668e-08
0.1783567134268537,1.4715488138414155e+76,4.683074945216416,1.3198615502637033e-08
0.18036072144288576,1.4880830701767123e+76,4.6792644675817225,1.320936356561363e-08
0.18236472945891782,1.504617326512009e+76,4.675447773826545,1.3220146724333307e-08
0.1843687374749499,1.5211515828473058e+76,4.6716248385374275,1.3230965179835737e-08
0.18637274549098196,1.5376858391826028e+76,4.667795636134266,1.3241819134809809e-08
0.18837675350701402,1.5542200955178996e+76,4.663960140868807,1.3252708793611263e-08
0.1903807615230461,1.5707543518531963e+76,4.660118326823118,1.3263634362280552e-08
0.19238476953907813,1.587288608188493e+76,4.656270167908051,1.3274596048560953e-08
0.1943887775551102,1.6038228645237898e+76,4.652415637861682,1.3285594061916893e-08
0.19639278557114226,1.6203571208590865e+76,4.6485547102477325,1.3296628613552544e-08
0.19839679358717432,1.6368913771943833e+76,4.644687358453977,1.3307699916430645e-08
0.2004008016032064,1.6534256335296803e+76,4.640813555690623,1.3318808185291597e-08
0.20240480961923846,1.669959889864977e+76,4.636933274988685,1.3329953636672782e-08
0.20440881763527052,1.6864941462002738e+76,4.633046489198328,1.3341136488928186e-08
0.2064128256513026,1.7030284025355706e+76,4.6291531709871965,1.335235696224825e-08
0.20841683366733466,1.7195626588708676e+76,4.625253292838722,1.3363615278679987e-08
0.21042084168336672,1.7360969152061644e+76,4.621346827050416,1.3374911662147394e-08
0.2124248496993988,1.752631171541461e+76,4.61743374573213,1.3386246338472148e-08
0.21442885771543085,1.769165427876758e+76,4.613514020804313,1.3397619535394535e-08
0.21643286573146292,1.785699684212055e+76,4.609587623996231,1.340903148259472e-08
0.21843687374749496,1.8022339405473513e+76,4.605654526844176,1.3420482411714269e-08
0.22044088176352702,1.818768196882648e+76,4.601714700689649,1.3431972556377977e-08
0.2224448897795591,1.835302453217945e+76,4.597768116677523,1.3443502152216016e-08
0.22444889779559116,1.851836709553242e+76,4.593814745754182,1.3455071436886356e-08
0.22645290581162322,1.8683709658885386e+76,4.5898545586656425,1.346668065009751e-08
0.2284569138276553,1.8849052222238354e+76,4.585887525955642,1.3478330033631603e-08
0.23046092184368736,1.9014394785591324e+76,4.581913617963717,1.3490019831367743e-08
0.23246492985971942,1.9179737348944292e+76,4.577932804823248,1.3501750289305725e-08
0.2344689378757515,1.934507991229726e+76,4.573945056459486,1.3513521655590078e-08
0.23647294589178355,1.9510422475650227e+76,4.569950342587552,1.3525334180534434e-08
0.23847695390781562,1.9675765039003197e+76,4.565948632710411,1.3537188116646227e-08
0.24048096192384769,1.9841107602356165e+76,4.5619398961168285,1.3549083718651768e-08
0.24248496993987975,2.0006450165709132e+76,4.557924101879291,1.3561021243521663e-08
0.2444889779559118,2.01717927290621e+76,4.553901218851909,1.3573000950496573e-08
0.24649298597194386,2.0337135292415067e+76,4.549871215668292,1.3585023101113358e-08
0.24849699398797592,2.0502477855768034e+76,4.54583406073939,1.3597087959231604e-08
0.250501002004008,2.0667820419121002e+76,4.541789722251324,1.3609195791060476e-08
0.25250501002004005,2.0833162982473973e+76,4.537738168163174,1.3621346865186032e-08
0.2545090180360721,2.099850554582694e+76,4.533679366204747,1.363354145259884e-08
0.2565130260521042,2.1163848109179907e+76,4.52961328387431,1.3645779826722092e-08
0.25851703406813625,2.1329190672532875e+76,4.525539888436309,1.365806226344001e-08
0.2605210420841683,2.1494533235885845e+76,4.521459146919041,1.3670389041126772e-08
0.2625250501002004,2.1659875799238813e+76,4.517371026112312,1.3682760440675772e-08
0.26452905811623245,2.182521836259178e+76,4.513275492565053,1.3695176745529356e-08
0.2665330661322645,2.1990560925944748e+76,4.509172512582915,1.3707638241708964e-08
0.2685370741482966,2.2155903489297718e+76,4.505062052225829,1.3720145217845728e-08
0.27054108216432865,2.2321246052650686e+76,4.500944077305531,1.3732697965211506e-08
0.2725450901803607,2.2486588616003653e+76,4.496818553383069,1.3745296777750385e-08
0.2745490981963928,2.265193117935662e+76,4.492685445766258,1.3757941952110631e-08
0.27655310621242485,2.281727374270959e+76,4.48854471950712,1.3770633787677117e-08
0.2785571142284569,2.298261630606256e+76,4.484396339399278,1.378337258660425e-08
0.280561122244489,2.3147958869415526e+76,4.480240269975326,1.3796158653849353e-08
0.282565130260521,2.331330143276849e+76,4.47607647550416,1.3808992297206564e-08
0.28456913827655306,2.3478643996121458e+76,4.471904919988273,1.3821873827341243e-08
0.2865731462925851,2.3643986559474425e+76,4.4677255671610165,1.3834803557824891e-08
0.2885771543086172,2.3809329122827396e+76,4.463538380483825,1.3847781805170576e-08
0.29058116232464926,2.3974671686180363e+76,4.4593433231434085,1.3860808888868928e-08
0.2925851703406813,2.414001424953333e+76,4.455140358048901,1.3873885131424632e-08
0.2945891783567134,2.4305356812886298e+76,4.450929447828974,1.3887010858393522e-08
0.29659318637274545,2.447069937623927e+76,4.446710554828916,1.3900186398420206e-08
0.2985971943887775,2.4636041939592236e+76,4.442483641107665,1.3913412083276252e-08
0.3006012024048096,2.4801384502945204e+76,4.438248668434807,1.392668824789901e-08
0.30260521042084165,2.496672706629817e+76,4.434005598287537,1.394001523043097e-08
0.3046092184368737,2.5132069629651142e+76,4.429754391847569,1.3953393372259766e-08
0.3066132264529058,2.529741219300411e+76,4.425495009998016,1.3966823018058759e-08
0.30861723446893785,2.5462754756357076e+76,4.421227413320219,1.3980304515828286e-08
0.3106212424849699,2.5628097319710044e+76,4.416951562090537,1.3993838216937525e-08
0.312625250501002,2.579343988306301e+76,4.412667416277097,1.4007424476167011e-08
0.31462925851703405,2.5958782446415982e+76,4.408374935536491,1.4021063651751818e-08
0.3166332665330661,2.612412500976895e+76,4.404074079210434,1.4034756105425413e-08
0.3186372745490982,2.6289467573121917e+76,4.399764806322377,1.4048502202464213e-08
0.32064128256513025,2.6454810136474884e+76,4.395447075574069,1.4062302311732813e-08
0.3226452905811623,2.6620152699827855e+76,4.391120845342074,1.4076156805729945e-08
0.3246492985971944,2.6785495263180822e+76,4.386786073674241,1.4090066060635175e-08
0.32665330661322645,2.695083782653379e+76,4.382442718286125,1.4104030456356315e-08
0.3286573146292585,2.7116180389886757e+76,4.378090736557354,1.41180503765776e-08
0.3306613226452906,2.7281522953239728e+76,4.373730085527951,1.4132126208808649e-08
0.33266533066132264,2.7446865516592695e+76,4.369360721894602,1.4146258344434178e-08
0.33466933867735466,2.761220807994566e+76,4.364982602006869,1.4160447178764538e-08
0.3366733466933867,2.7777550643298627e+76,4.360595681863355,1.4174693111087058e-08
0.3386773547094188,2.7942893206651594e+76,4.356199917107812,1.4188996544718199e-08
0.34068136272545085,2.8108235770004562e+76,4.3517952630251955,1.4203357887056599e-08
0.3426853707414829,2.8273578333357532e+76,4.347381674537659,1.4217777549636912e-08
0.344689378757515,2.84389208967105e+76,4.342959106200492,1.4232255948184604e-08
0.34669338677354705,2.8604263460063467e+76,4.338527512198012,1.4246793502671562e-08
0.3486973947895791,2.8769606023416435e+76,4.334086846339376,1.4261390637372682e-08
0.3507014028056112,2.8934948586769405e+76,4.329637062054347,1.4276047780923351e-08
0.35270541082164325,2.910029115012237e+76,4.325178112389006,1.4290765366377881e-08
0.3547094188376753,2.9265633713475343e+76,4.320709950001373,1.4305543831268939e-08
0.3567134268537074,2.943097627682831e+76,4.316232527157003,1.43203836176679e-08
0.35871743486973945,2.959631884018128e+76,4.311745795724482,1.4335285172246293e-08
0.3607214428857715,2.9761661403534246e+76,4.307249707170889,1.4350248946338176e-08
0.3627254509018036,2.992700396688721e+76,4.302744212557161,1.4365275396003646e-08
0.36472945891783565,3.009234653024018e+76,4.2982292625334155,1.438036498209335e-08
0.3667334669338677,3.025768909359315e+76,4.293704807334191,1.4395518170314126e-08
0.3687374749498998,3.0423031656946115e+76,4.289170796773616,1.4410735431295724e-08
0.37074148296593185,3.058837422029909e+76,4.284627180240518,1.442601724065867e-08
0.3727454909819639,3.0753716783652057e+76,4.280073906693442,1.4441364079083314e-08
0.374749498997996,3.0919059347005024e+76,4.275510924655615,1.4456776432379987e-08
0.37675350701402804,3.108440191035799e+76,4.270938182209813,1.4472254791560454e-08
0.3787575150300601,3.124974447371096e+76,4.266355626993173,1.4487799652910503e-08
0.3807615230460922,3.1415087037063926e+76,4.261763206191912,1.4503411518063841e-08
0.38276553106212424,3.1580429600416894e+76,4.257160866535968,1.4519090894077264e-08
0.38476953907815625,3.174577216376986e+76,4.2525485542935675,1.4534838293507112e-08
0.3867735470941883,3.191111472712283e+76,4.2479262152657,1.4550654234487062e-08
0.3887775551102204,3.2076457290475796e+76,4.2432937947805165,1.4566539240807286e-08
0.39078156312625245,3.2241799853828763e+76,4.238651237687636,1.4582493841995005e-08
0.3927855711422845,3.240714241718173e+76,4.233998488352372,1.4598518573396422e-08
0.3947895791583166,3.25724849805347e+76,4.229335490649859,1.4614613976260138e-08
0.39679358717434865,3.2737827543887666e+76,4.224662187959102,1.4630780597822045e-08
0.3987975951903807,3.290317010724064e+76,4.219978523156917,1.4647018991391698e-08
0.4008016032064128,3.306851267059361e+76,4.215284438611795,1.4663329716440239e-08
0.40280561122244485,3.3233855233946574e+76,4.2105798761776585,1.4679713338689903e-08
0.4048096192384769,3.339919779729954e+76,4.205864777187517,1.4696170430205125e-08
0.406813627254509,3.356454036065251e+76,4.201139082447038,1.4712701569485274e-08
0.40881763527054105,3.3729882924005477e+76,4.196402732228002,1.4729307341559072e-08
0.4108216432865731,3.3895225487358444e+76,4.191655666261661,1.474598833808073e-08
0.4128256513026052,3.406056805071141e+76,4.186897823731985,1.4762745157427824e-08
0.41482965931863724,3.4225910614064385e+76,4.182129143268815,1.4779578404800945e-08
0.4168336673346693,3.439125317741735e+76,4.177349562940885,1.4796488692325207e-08
0.4188376753507014,3.455659574077032e+76,4.172559020248753,1.4813476639153583e-08
0.42084168336673344,3.472193830412329e+76,4.167757452117603,1.4830542871572157e-08
0.4228456913827655,3.4887280867476255e+76,4.162944794889942,1.4847688023107346e-08
0.4248496993987976,3.505262343082922e+76,4.158120984318166,1.4864912734635078e-08
0.42685370741482964,3.521796599418219e+76,4.1532859555570205,1.4882217654492022e-08
0.4288577154308617,3.538330855753516e+76,4.148439643155919,1.4899603438588904e-08
0.4308617234468938,3.554865112088813e+76,4.143581981051158,1.4917070750525917e-08
0.43286573146292584,3.57139936842411e+76,4.13871290255798,1.493462026171035e-08
0.4348697394789579,3.5879336247594066e+76,4.133832340362527,1.495225265147639e-08
0.4368737474949899,3.604467881094703e+76,4.128940226513643,1.496996860720726e-08
0.438877755511022,3.6210021374299994e+76,4.124036492414555,1.498776882445957e-08
0.44088176352705405,3.637536393765296e+76,4.119121068814405,1.500565400709018e-08
0.4428857715430861,3.6540706501005936e+76,4.114193885799642,1.50236248673854e-08
0.4448897795591182,3.67060490643589e+76,4.1092548727852725,1.504168212619269e-08
0.44689378757515025,3.687139162771187e+76,4.104303958505968,1.5059826513054928e-08
0.4488977955911823,3.703673419106484e+76,4.099341071007001,1.5078058766347255e-08
0.4509018036072144,3.7202076754417805e+76,4.094366137635058,1.5096379633416595e-08
0.45290581162324645,3.736741931777077e+76,4.089379085028868,1.5114789870723892e-08
0.4549098196392785,3.753276188112374e+76,4.084379839109688,1.513329024398911e-08
0.4569138276553106,3.769810444447671e+76,4.079368325071616,1.5151881528339154e-08
0.45891783567134264,3.786344700782968e+76,4.074344467371747,1.5170564508458596e-08
0.4609218436873747,3.802878957118265e+76,4.069308189720139,1.5189339978743503e-08
0.4629258517034068,3.8194132134535616e+76,4.064259415069633,1.520820874345824e-08
0.46492985971943884,3.8359474697888584e+76,4.059198065605466,1.5227171616895445e-08
0.4669338677354709,3.852481726124155e+76,4.05412406273473,1.5246229423539185e-08
0.468937875751503,3.869015982459452e+76,4.0490373270756175,1.5265382998231403e-08
0.47094188376753504,3.8855502387947486e+76,4.043937778446507,1.5284633186341713e-08
0.4729458917835671,3.9020844951300453e+76,4.038825335854827,1.5303980843940658e-08
0.4749498997995992,3.918618751465342e+76,4.033699917485744,1.5323426837976456e-08
0.47695390781563124,3.9351530078006395e+76,4.028561440690637,1.534297204645538e-08
0.4789579158316633,3.951687264135936e+76,4.023409821975374,1.536261735862581e-08
0.48096192384769537,3.968221520471233e+76,4.018244976988361,1.5382363675166112e-08
0.48296593186372744,3.98475577680653e+76,4.013066820508401,1.5402211908376336e-08
0.4849699398797595,4.0012900331418264e+76,4.00787526643231,1.5422162982373936e-08
0.48697394789579157,4.017824289477123e+76,4.002670227762321,1.5442217833293547e-08
0.4889779559118236,4.03435854581242e+76,3.997451616593251,1.5462377409490926e-08
0.49098196392785565,4.0508928021477167e+76,3.992219344099442,1.5482642671751167e-08
0.4929859719438877,4.0674270584830134e+76,3.986973320521448,1.550301459350133e-08
0.4949899799599198,4.08396131481831e+76,3.981713455152488,1.5523494161027542e-08
0.49699398797595185,4.100495571153607e+76,3.9764396563246485,1.5544082373696682e-08
0.4989979959919839,4.1170298274889036e+76,3.971151831394813,1.556478024418283e-08
0.501002004008016,4.1335640838242004e+76,3.9658498867303478,1.558558879869856e-08
0.503006012024048,4.150098340159497e+76,3.960533727694512,1.5606509077231132e-08
0.5050100200400801,4.1666325964947945e+76,3.955203258631584,1.56275421337839e-08
0.5070140280561122,4.183166852830091e+76,3.9498583828517253,1.56486890366228e-08
0.5090180360721442,4.199701109165388e+76,3.9444990026155344,1.5669950868528342e-08
0.5110220440881763,4.216235365500685e+76,3.9391250191183276,1.569132872705296e-08
0.5130260521042084,4.2327696218359815e+76,3.9337363324741,1.571282372478416e-08
0.5150300601202404,4.249303878171278e+76,3.9283328416991927,1.5734436989613286e-08
0.5170340681362725,4.265838134506575e+76,3.922914444695638,1.575616966501038e-08
0.5190380761523046,4.282372390841872e+76,3.9174810382341785,1.5778022910305046e-08
0.5210420841683366,4.298906647177169e+76,3.9120325179369626,1.5799997900973595e-08
0.5230460921843687,4.315440903512466e+76,3.9065687782598975,1.5822095828932655e-08
0.5250501002004008,4.3319751598477626e+76,3.901089712474656,1.5844317902839314e-08
0.5270541082164328,4.348509416183059e+76,3.895595212650331,1.5866665348398083e-08
0.5290581162324649,4.365043672518356e+76,3.8900851696347196,1.588913940867481e-08
0.531062124248497,4.381577928853653e+76,3.8845594730352495,1.5911741344417715e-08
0.533066132264529,4.3981121851889495e+76,3.8790180111995047,1.593447243438578e-08
0.5350701402805611,4.414646441524246e+76,3.873460671195377,1.59573339756847e-08
0.5370741482965932,4.4311806978595437e+76,3.867887338790812,1.5980327284110524e-08
0.5390781563126252,4.4477149541948404e+76,3.862297898433141,1.60034536945013e-08
0.5410821643286573,4.464249210530137e+76,3.856692233228001,1.6026714561096882e-08
0.5430861723446894,4.480783466865434e+76,3.85107022491782,1.6050111257907133e-08
0.5450901803607214,4.4973177232007306e+76,3.8454317538598564,1.6073645179088796e-08
0.5470941883767535,4.5138519795360274e+76,3.8397766990038007,1.6097317739331193e-08
0.5490981963927856,4.530386235871324e+76,3.8341049378688976,1.6121130374251113e-08
0.5511022044088176,4.546920492206621e+76,3.8284163465206023,1.614508454079704e-08
0.5531062124248497,4.563454748541918e+76,3.8227107995467486,1.6169181717663066e-08
0.5551102204408818,4.579989004877215e+76,3.8169881700332167,1.6193423405712722e-08
0.5571142284569138,4.596523261212512e+76,3.811248329539086,1.6217811128413e-08
0.5591182364729459,4.6130575175478085e+76,3.8054911480712694,1.6242346432278935e-08
0.561122244488978,4.629591773883105e+76,3.7997164940585986,1.6267030887328944e-08
0.56312625250501,4.646126030218402e+76,3.7939242343253676,1.6291866087551292e-08
0.565130260521042,4.662660286553698e+76,3.7881142340643006,1.6316853651382067e-08
0.567134268537074,4.679194542888995e+76,3.782286356808941,1.6341995222194844e-08
0.5691382765531061,4.6957287992242916e+76,3.7764404644054412,1.636729246880257e-08
0.5711422845691382,4.712263055559588e+76,3.7705764169837432,1.6392747085971854e-08
0.5731462925851702,4.728797311894885e+76,3.764694072928126,1.6418360794950176e-08
0.5751503006012023,4.745331568230182e+76,3.7587932888471047,1.6444135344006326e-08
0.5771543086172344,4.761865824565479e+76,3.7528739195426732,1.6470072508984435e-08
0.5791583166332664,4.778400080900776e+76,3.7469358179788568,1.6496174093872145e-08
0.5811623246492985,4.7949343372360727e+76,3.7409788352495754,1.6522441931383147e-08
0.5831663326653306,4.8114685935713694e+76,3.7350028205457746,1.654887788355472e-08
0.5851703406813626,4.828002849906666e+76,3.729007621121831,1.6575483842360604e-08
0.5871743486973947,4.844537106241963e+76,3.722993082261189,1.660226173033972e-08
0.5891783567134268,4.8610713625772596e+76,3.7169590472412293,1.6629213501241194e-08
0.5911823647294588,4.8776056189125564e+76,3.7109053572973174,1.665634114068629e-08
0.5931863727454909,4.894139875247854e+76,3.7048318515860528,1.6683646666847598e-08
0.595190380761523,4.9106741315831505e+76,3.698738367147651,1.671113213114623e-08
0.597194388777555,4.927208387918447e+76,3.6926247388674684,1.6738799618967424e-08
0.5991983967935871,4.943742644253744e+76,3.6864907994366205,1.6766651250395213e-08
0.6012024048096192,4.960276900589041e+76,3.6803363793116937,1.6794689180966755e-08
0.6032064128256512,4.9768111569243375e+76,3.6741613066735015,1.6822915602446937e-08
0.6052104208416833,4.993345413259634e+76,3.667965407384866,1.6851332743623926e-08
0.6072144288577154,5.009879669594931e+76,3.661748504947402,1.6879942871126347e-08
0.6092184368737474,5.0264139259302283e+76,3.6555104204572726,1.6908748290262718e-08
0.6112224448897795,5.042948182265525e+76,3.649250972559873,1.693775134588399e-08
0.6132264529058116,5.059482438600822e+76,3.642969977403439,1.6966954423269826e-08
0.6152304609218436,5.0760166949361186e+76,3.6366672485915115,1.6996359949039505e-08
0.6172344689378757,5.092550951271415e+76,3.630342597134267,1.7025970392088157e-08
0.6192384769539078,5.109085207606712e+76,3.6239958313986342,1.7055788264549313e-08
0.6212424849699398,5.125619463942009e+76,3.6176267570571983,1.7085816122784492e-08
0.6232464929859719,5.1421537202773055e+76,3.611235177035838,1.711605656840085e-08
0.625250501002004,5.158687976612602e+76,3.6048208914600544,1.714651224929781e-08
0.627254509018036,5.1752222329478997e+76,3.598383697599968,1.7177185860743603e-08
0.6292585170340681,5.1917564892831964e+76,3.591923389813922,1.7208080146482887e-08
0.6312625250501002,5.208290745618493e+76,3.585439759490675,1.7239197899876255e-08
0.6332665330661322,5.22482500195379e+76,3.578932594990104,1.7270541965073072e-08
0.6352705410821643,5.2413592582890866e+76,3.572401681582419,1.7302115238218473e-08
0.6372745490981964,5.2578935146243834e+76,3.565846801385789,1.7333920668695946e-08
0.6392785571142284,5.27442777095968e+76,3.559267733302378,1.7365961260406643e-08
0.6412825651302605,5.290962027294977e+76,3.5526642529527077,1.739824007308671e-08
0.6432865731462926,5.307496283630274e+76,3.5460361326083087,1.7430760223664064e-08
0.6452905811623246,5.324030539965571e+76,3.539383141122607,1.746352488765593e-08
0.6472945891783567,5.340564796300868e+76,3.5327050438599756,1.7496537300608673e-08
0.6492985971943888,5.3570990526361645e+76,3.5260016026229115,1.752980075958143e-08
0.6513026052104208,5.373633308971461e+76,3.519272575577261,1.756331862467511e-08
0.6533066132264529,5.390167565306758e+76,3.512517717175434,1.759709432060847e-08
0.655310621242485,5.406701821642055e+76,3.5057367780775506,1.7631131338342926e-08
0.657314629258517,5.4232360779773514e+76,3.498929505070435,1.7665433236757993e-08
0.6593186372745491,5.439770334312649e+76,3.492095640984402,1.7700003644379147e-08
0.6613226452905812,5.4563045906479456e+76,3.4852349246077483,1.773484626116014e-08
0.6633266533066132,5.472838846983242e+76,3.478347090598885,1.776996486032171e-08
0.6653306613226453,5.489373103318539e+76,3.4714318693960164,1.7805363290249047e-08
0.6673346693386772,5.505907359653835e+76,3.4644889871242963,1.7841045476449907e-08
0.6693386773547093,5.522441615989132e+76,3.457518165500363,1.787701542357608e-08
0.6713426853707414,5.5389758723244286e+76,3.4505191217341764,1.7913277217510297e-08
0.6733466933867734,5.5555101286597254e+76,3.4434915684280503,1.794983502752141e-08
0.6753507014028055,5.572044384995022e+76,3.436435213472788,1.798669310849032e-08
0.6773547094188376,5.588578641330319e+76,3.429349759940823,1.8023855803209484e-08
0.6793587174348696,5.6051128976656156e+76,3.4222349059762522,1.8061327544758954e-08
0.6813627254509017,5.6216471540009123e+76,3.41509034468166,1.80991128589619e-08
0.6833667334669338,5.63818141033621e+76,3.407915764001605,1.8137216366922895e-08
0.6853707414829658,5.6547156666715065e+76,3.400710846602669,1.8175642787652217e-08
0.6873747494989979,5.671249923006803e+76,3.393475269749926,1.8214396940779653e-08
0.68937875751503,5.6877841793421e+76,3.386208705179705,1.8253483749361578e-08
0.691382765531062,5.704318435677397e+76,3.3789108189685244,1.829290824278492e-08
0.6933867735470941,5.7208526920126934e+76,3.371581271398033,1.8332675559772217e-08
0.6953907815631262,5.73738694834799e+76,3.3642197168158323,1.8372790951491867e-08
0.6973947895791582,5.753921204683287e+76,3.356825803492014,1.841325978477796e-08
0.6993987975951903,5.770455461018584e+76,3.3493991734712494,1.845408754546438e-08
0.7014028056112224,5.786989717353881e+76,3.3419394624202736,1.8495279841837956e-08
0.7034068136272544,5.803523973689177e+76,3.3344462994705726,1.8536842408215834e-08
0.7054108216432865,5.820058230024474e+76,3.326919307056112,1.8578781108652228e-08
0.7074148296593186,5.836592486359772e+76,3.3193581007458914,1.86211019407804e-08
0.7094188376753506,5.853126742695069e+76,3.3117622890711353,1.8663811039795554e-08
0.7114228456913827,5.869660999030365e+76,3.3041314733469176,1.870691468258494e-08
0.7134268537074148,5.886195255365662e+76,3.2964652474879816,1.8750419292011605e-08
0.7154308617234468,5.902729511700959e+76,3.2887631978185423,1.8794331441358715e-08
0.7174348697394789,5.919263768036256e+76,3.28102490287582,1.8838657858941536e-08
0.719438877755511,5.935798024371552e+76,3.273249933207054,1.8883405432894747e-08
0.721442885771543,5.952332280706849e+76,3.2654378511597426,1.8928581216142935e-08
0.7234468937875751,5.968866537042146e+76,3.2575882106648093,1.897419243156281e-08
0.7254509018036072,5.985400793377443e+76,3.249700557012433,1.9020246477345814e-08
0.7274549098196392,6.001935049712739e+76,3.241774426620212,1.90667509325706e-08
0.7294589178356713,6.018469306048036e+76,3.233809346793362,1.9113713562995056e-08
0.7314629258517034,6.035003562383333e+76,3.2258048354765974,1.9161142327078293e-08
0.7334669338677354,6.05153781871863e+76,3.21776040099735,1.9209045382243597e-08
0.7354709418837675,6.068072075053926e+76,3.2096755417999647,1.9257431091393667e-08
0.7374749498997996,6.084606331389223e+76,3.2015497461704543,1.9306308029690573e-08
0.7394789579158316,6.101140587724521e+76,3.193382491951447,1.935568499161304e-08
0.7414829659318637,6.117674844059818e+76,3.185173246246857,1.9405570998304826e-08
0.7434869739478958,6.134209100395115e+76,3.17692146511585,1.9455975305228542e-08
0.7454909819639278,6.150743356730411e+76,3.168626593255625,1.950690741013989e-08
0.7474949899799599,6.167277613065708e+76,3.1602880636724975,1.9558377061398755e-08
0.749498997995992,6.183811869401005e+76,3.151905297340784,1.9610394266633814e-08
0.751503006012024,6.200346125736302e+76,3.1434777028489016,1.966296930177892e-08
0.7535070140280561,6.216880382071598e+76,3.1350046760321195,1.9716112720500193e-08
0.7555110220440882,6.233414638406895e+76,3.1264855995913434,1.9769835364034152e-08
0.7575150300601202,6.249948894742192e+76,3.1179198426972627,1.9824148371458295e-08
0.7595190380761523,6.266483151077489e+76,3.1093067605792046,1.9879063190416897e-08
0.7615230460921844,6.283017407412785e+76,3.1006456940979428,1.993459158832612e-08
0.7635270541082164,6.299551663748082e+76,3.091935969301708,1.9990745664084314e-08
0.7655310621242485,6.316085920083379e+76,3.083176896964595,2.0047537860314424e-08
0.7675350701402806,6.332620176418675e+76,3.0743677721064953,2.0104980976167796e-08
0.7695390781563125,6.349154432753972e+76,3.0655078734936674,2.0163088180720063e-08
0.7715430861723446,6.365688689089269e+76,3.0565964631189786,2.0221873026991883e-08
0.7735470941883766,6.382222945424566e+76,3.0476327856608076,2.028134946662952e-08
0.7755511022044087,6.398757201759862e+76,3.038616067919528,2.034153186528249e-08
0.7775551102204408,6.415291458095159e+76,3.029545518230451,2.0402435018717783e-08
0.7795591182364728,6.431825714430456e+76,3.0204203258520024,2.0464074169713124e-08
0.7815631262525049,6.448359970765753e+76,3.0112396603278677,2.05264650257743e-08
0.783567134268537,6.46489422710105e+76,3.002002670821741,2.0589623777724728e-08
0.785571142284569,6.481428483436346e+76,2.99270848542324,2.0653567119218774e-08
0.7875751503006011,6.497962739771643e+76,2.9833562104234517,2.0718312267233837e-08
0.7895791583166332,6.51449699610694e+76,2.9739449295584826,2.07838769836e-08
0.7915831663326652,6.531031252442236e+76,2.9644737032192774,2.0850279597630307e-08
0.7935871743486973,6.547565508777533e+76,2.954941567625871,2.091753902991909e-08
0.7955911823647294,6.56409976511283e+76,2.9453475339640947,2.0985674817380635e-08
0.7975951903807614,6.580634021448128e+76,2.9356905874826613,2.1054707139605705e-08
0.7995991983967935,6.597168277783425e+76,2.92596968654839,2.1124656846619124e-08
0.8016032064128256,6.613702534118721e+76,2.9161837616571855,2.119554548812778e-08
0.8036072144288576,6.630236790454018e+76,2.9063317143982443,2.1267395344354986e-08
0.8056112224448897,6.646771046789315e+76,2.8964124163687592,2.134022945856446e-08
0.8076152304609218,6.663305303124612e+76,2.886424708036232,2.1414071671385017e-08
0.8096192384769538,6.679839559459908e+76,2.8763673975452813,2.1488946657055624e-08
0.8116232464929859,6.696373815795205e+76,2.8662392594656283,2.156487996171964e-08
0.813627254509018,6.712908072130502e+76,2.856039033477704,2.1641898043907455e-08
0.81563126252505,6.729442328465799e+76,2.845765422992052,2.1720028317357584e-08
0.8176352705410821,6.745976584801095e+76,2.8354170936984486,2.1799299196338298e-08
0.8196392785571142,6.762510841136392e+76,2.824992672040332,2.1879740143645232e-08
0.8216432865731462,6.779045097471689e+76,2.814490743609838,2.1961381721464617e-08
0.8236472945891783,6.795579353806986e+76,2.8039098514583447,2.204425564530769e-08
0.8256513026052104,6.812113610142282e+76,2.79324849431709,2.212839484123884e-08
0.8276553106212424,6.828647866477579e+76,2.782505124721955,2.2213833506639416e-08
0.8296593186372745,6.845182122812877e+76,2.7716781470361016,2.230060717476926e-08
0.8316633266533066,6.861716379148174e+76,2.760765915363599,2.238875278341153e-08
0.8336673346693386,6.87825063548347e+76,2.749766731346675,2.2478308747910948e-08
0.8356713426853707,6.894784891818767e+76,2.73867884183861,2.2569315038943484e-08
0.8376753507014028,6.911319148154064e+76,2.7275004364436337,2.2661813265386008e-08
0.8396793587174348,6.927853404489361e+76,2.716229644914498,2.2755846762687894e-08
0.8416833667334669,6.944387660824658e+76,2.7048645343975792,2.285146068718397e-08
0.843687374749499,6.960921917159954e+76,2.693403106514551,2.2948702116829068e-08
0.845691382765531,6.977456173495251e+76,2.6818432942686825,2.304762015888016e-08
0.8476953907815631,6.993990429830548e+76,2.670182958762805,2.314826606510266e-08
0.8496993987975952,7.010524686165844e+76,2.6584198857148396,2.325069335513338e-08
0.8517034068136272,7.027058942501141e+76,2.6465517817555284,2.3354957948695098e-08
0.8537074148296593,7.043593198836438e+76,2.634576270491596,2.3461118307427503e-08
0.8557114228456913,7.060127455171735e+76,2.622490888316067,2.3569235587176232e-08
0.8577154308617234,7.076661711507031e+76,2.6102930799457265,2.36793738016689e-08
0.8597194388777555,7.093195967842328e+76,2.597980193663859,2.3791599998603296e-08
0.8617234468937875,7.109730224177626e+76,2.5855494762442617,2.390598444928197e-08
0.8637274549098196,7.126264480512923e+76,2.5729980675302655,2.4022600853048404e-08
0.8657314629258517,7.14279873684822e+76,2.5603229946398276,2.4141526557917577e-08
0.8677354709418837,7.159332993183516e+76,2.547521165764932,2.4262842798946883e-08
0.8697394789579158,7.175867249518813e+76,2.534589363530279,2.4386634956067532e-08
0.8717434869739479,7.19240150585411e+76,2.5215242378726272,2.451299283329227e-08
0.8737474949899798,7.208935762189405e+76,2.508322298398134,2.4642010961437316e-08
0.8757515030060119,7.225470018524702e+76,2.4949799061704634,2.477378892674795e-08
0.877755511022044,7.242004274859999e+76,2.4814932648773635,2.490843172810269e-08
0.879759519038076,7.258538531195296e+76,2.467858411317633,2.504605016579657e-08
0.8817635270541081,7.275072787530592e+76,2.454071205143924,2.5186761265274482e-08
0.8837675350701402,7.291607043865889e+76,2.4401273177894907,2.5330688739609777e-08
0.8857715430861722,7.308141300201187e+76,2.426022220498673,2.5477963495008416e-08
0.8877755511022043,7.324675556536484e+76,2.4117511713714666,2.5628724184176725e-08
0.8897795591182364,7.34120981287178e+76,2.397309201321801,2.5783117813031507e-08
0.8917835671342684,7.357744069207077e+76,2.382691098836889,2.5941300406971376e-08
0.8937875751503005,7.374278325542374e+76,2.367891393411025,2.610343774378308e-08
0.8957915831663326,7.390812581877671e+76,2.3529043375111733,2.626970616124802e-08
0.8977955911823646,7.407346838212968e+76,2.3377238869132735,2.6440293448666604e-08
0.8997995991983967,7.423881094548264e+76,2.3223436792269894,2.661539983286128e-08
0.9018036072144288,7.440415350883561e+76,2.306757010402157,2.6795239070789064e-08
0.9038076152304608,7.456949607218858e+76,2.2909568089818593,2.6980039662735472e-08
0.9058116232464929,7.473483863554155e+76,2.2749356078341463,2.717004620222671e-08
0.907815631262525,7.490018119889451e+76,2.258685513056157,2.7365520881351534e-08
0.909819639278557,7.506552376224748e+76,2.24219816969964,2.7566745173208493e-08
0.9118236472945891,7.523086632560045e+76,2.2254647239144876,2.777402171678704e-08
0.9138276553106212,7.539620888895342e+76,2.2084757810452693,2.798767643387504e-08
0.9158316633266532,7.556155145230638e+76,2.1912213591430634,2.8208060912712613e-08
0.9178356713426853,7.572689401565936e+76,2.1736908372688304,2.8435555099273818e-08
0.9198396793587174,7.589223657901233e+76,2.155872897862242,2.8670570344492576e-08
0.9218436873747494,7.60575791423653e+76,2.1377554623278083,2.8913552864759963e-08
0.9238476953907815,7.622292170571827e+76,2.1193256188438188,2.916498768399e-08
0.9258517034068136,7.638826426907123e+76,2.1005695412235195,2.9425403138970538e-08
0.9278557114228456,7.65536068324242e+76,2.081472397444972,2.969537604621468e-08
0.9298597194388777,7.671894939577717e+76,2.0620182462072782,2.9975537648919125e-08
0.9318637274549098,7.688429195913013e+76,2.0421899195548443,3.026658048797822e-08
0.9338677354709418,7.70496345224831e+76,2.0219688892232544,3.056926637268341e-08
0.9358717434869739,7.721497708583607e+76,2.001335113881161,3.0884435666587093e-08
0.937875751503006,7.738031964918904e+76,1.9802668638472567,3.121301815446226e-08
0.939879759519038,7.7545662212542e+76,1.95874051911709,3.155604582061008e-08
0.9418837675350701,7.771100477589497e+76,1.9367303355976895,3.191466795136938e-08
0.9438877755511021,7.787634733924794e+76,1.9142081732603018,3.2290169081594066e-08
0.9458917835671342,7.804168990260091e+76,1.891143178404471,3.268399044438968e-08
0.9478957915831663,7.820703246595387e+76,1.8675014102728877,3.309775576710943e-08
0.9498997995991983,7.837237502930684e+76,1.8432453997183107,3.353330250079041e-08
0.9519038076152304,7.853771759265982e+76,1.8183336242957564,3.3992719898078996e-08
0.9539078156312625,7.870306015601279e+76,1.7927198797453379,3.44783957997525e-08
0.9559118236472945,7.886840271936576e+76,1.7663525219299885,3.4993074601217334e-08
0.9579158316633266,7.903374528271872e+76,1.7391735452994435,3.553992972064341e-08
0.9599198396793587,7.919908784607169e+76,1.7111174529881268,3.6122655089517894e-08
0.9619238476953907,7.936443040942466e+76,1.6821098584079164,3.674558190298373e-08
0.9639278557114228,7.952977297277763e+76,1.6520657366734592,3.741382936516987e-08
0.9659318637274549,7.96951155361306e+76,1.6208872133101064,3.8133501865141194e-08
0.9679358717434869,7.986045809948356e+76,1.5884607325579256,3.891195061045708e-08
0.969939879759519,8.002580066283653e+76,1.5546533802896028,3.975812638083377e-08
0.9719438877755511,8.01911432261895e+76,1.5193080339597642,4.0683063730564975e-08
0.9739478957915831,8.035648578954246e+76,1.4822368516096394,4.17005591952606e-08
0.9759519038076151,8.052182835289543e+76,1.4432123540181185,4.2828143342769975e-08
0.9779559118236472,8.06871709162484e+76,1.4019549257291752,4.408851129061529e-08
0.9799599198396792,8.085251347960137e+76,1.3581148224572517,4.551169352537569e-08
0.9819639278557113,8.101785604295433e+76,1.3112454441580363,4.7138471174352365e-08
0.9839679358717434,8.11831986063073e+76,1.260762118936317,4.902598566658441e-08
0.9859719438877754,8.134854116966027e+76,1.2058755856857366,5.125744836835332e-08
0.9879759519038075,8.151388373301324e+76,1.1454784044909334,5.396007932547077e-08
0.9899799599198396,8.16792262963662e+76,1.077936448931125,5.734114068898493e-08
0.9919839679358716,8.184456885971917e+76,1.0006675569405852,6.17688713331739e-08
0.9939879759519037,8.200991142307214e+76,0.909166812147884,6.798543979615756e-08
0.9959919839679358,8.21752539864251e+76,0.7942303662789701,7.782390122091344e-08
0.9979959919839678,8.234059654977807e+76,0.6303810594681687,9.805197133316721e-08
1.0,8.250593911313105e+76,0.0,
