Frame,Time (t),Distance (d),Max Curvature (Z),Min Curvature (Z)
0,0.0,6.0,-0.23515968334104329,-3.9985430705434144
1,0.1,5.952,-0.23408237060387374,-3.8713629891460943
2,0.2,5.904,-0.2340313935244566,-4.018479735736048
3,0.30000000000000004,5.856,-0.23517459160626383,-4.0541527289147705
4,0.4,5.808,-0.2372783794180007,-3.9469461965081845
5,0.5,5.76,-0.23992181188405176,-3.9650760697070284
6,0.6000000000000001,5.712,-0.24257942678766328,-4.034529834471519
7,0.7000000000000001,5.664,-0.24231831163808268,-3.9650409814948855
8,0.8,5.616,-0.24120434635297147,-3.893089196922465
9,0.9,5.5680000000000005,-0.24009584222764524,-4.019030696165105
10,1.0,5.5200000000000005,-0.23899220205222566,-4.018031776562341
11,1.1,5.472,-0.2378931409498081,-3.895798610254211
12,1.2000000000000002,5.424,-0.23679866680142297,-4.031646142142609
13,1.3,5.376,-0.23570905961807243,-4.07583276257118
14,1.4000000000000001,5.328,-0.23462485025201707,-3.9749220612763483
15,1.5,5.28,-0.23354679865869332,-3.9790180966184128
16,1.6,5.232,-0.23334558416928655,-4.053769732200388
17,1.7000000000000002,5.184,-0.23433838141573238,-3.9900528643137787
18,1.8,5.136,-0.2363244613836275,-3.902729766040075
19,1.9000000000000001,5.088,-0.23891216509322075,-4.03300928104494
20,2.0,5.04,-0.2415949036687611,-4.039884010954976
21,2.1,4.992,-0.24193579047924527,-3.922892170158941
22,2.2,4.944000000000001,-0.24081512130418256,-4.047652657693594
23,2.3000000000000003,4.896000000000001,-0.23970098129569797,-4.100461622152655
24,2.4000000000000004,4.848000000000001,-0.23859340289034736,-4.006213287039042
25,2.5,4.800000000000001,-0.23749268056806835,-3.9965092138947726
26,2.6,4.752000000000001,-0.23639934960300302,-4.076325237797452
27,2.7,4.704000000000001,-0.23531416412989173,-4.018411536023931
28,2.8000000000000003,4.656000000000001,-0.23423807460096108,-3.915798083990525
29,2.9000000000000004,4.6080000000000005,-0.2331722046029412,-4.050101468102929
30,3.0,4.5600000000000005,-0.23269665416620838,-4.064873238746169
31,3.1,4.5120000000000005,-0.23341539615215892,-3.9534455667947745
32,3.2,4.464,-0.23518327759952318,-4.067430443865793
33,3.3000000000000003,4.416,-0.23765629044737846,-4.1290077255823565
34,3.4000000000000004,4.368,-0.2403574629212823,-4.041825853780799
35,3.5,4.32,-0.2417050741775943,-4.018664201244464
36,3.6,4.272,-0.24058499075485373,-4.103302241135931
37,3.7,4.224,-0.2394743701156116,-4.0511901516898075
38,3.8000000000000003,4.176,-0.2383736997978525,-3.933416202920442
39,3.9000000000000004,4.128,-0.23728367390372596,-4.071418888840098
40,4.0,4.08,-0.23620517015906364,-4.094104622995324
41,4.1000000000000005,4.032,-0.23513922605706852,-3.9886039923671937
42,4.2,3.9839999999999995,-0.2340870140326122,-4.092308552540057
43,4.3,3.936,-0.2330498155663464,-4.162862265344527
44,4.4,3.888,-0.23218850547718103,-4.08320661443178
45,4.5,3.84,-0.23250511063807827,-4.047087199460646
46,4.6000000000000005,3.792,-0.23393262687516564,-4.13629973877863
47,4.7,3.7439999999999998,-0.23619633162675746,-4.08995036229684
48,4.800000000000001,3.6959999999999997,-0.23886581704754256,-3.9572223031108384
49,4.9,3.6479999999999997,-0.24143588439906916,-4.098589755555542
50,5.0,3.5999999999999996,-0.2406075315621298,-4.129210470885883
51,5.1000000000000005,3.5520000000000005,-0.23951430693899406,-4.0300594779454215
52,5.2,3.5040000000000004,-0.23843541492405526,-4.124254279708214
53,5.300000000000001,3.4560000000000004,-0.23737174053330695,-4.204094585058947
54,5.4,3.4080000000000004,-0.2363024919048134,-4.132511442163875
55,5.5,3.3600000000000003,-0.23519918332397113,-4.084177255807787
56,5.6000000000000005,3.3120000000000003,-0.23410620813439115,-4.177719420070255
57,5.7,3.2640000000000002,-0.23302534171442563,-4.137052927529847
58,5.800000000000001,3.216,-0.2319584468379578,-3.989710432029326
59,5.9,3.168,-0.23174864792679004,-4.134101445576256
60,6.0,3.12,-0.2326931289669314,-4.172702430104533
61,6.1000000000000005,3.072,-0.23461096419226482,-4.080418575033084
62,6.2,3.024,-0.23714227840522706,-4.166312050238619
63,6.300000000000001,2.976,-0.2398150956358735,-4.255918961033079
64,6.4,2.928,-0.2406871047131748,-4.193096384359834
65,6.5,2.88,-0.23957389373061377,-4.133695894573837
66,6.6000000000000005,2.832,-0.2384714159278502,-4.231343385781144
67,6.7,2.784,-0.2373810088179837,-4.196240282345683
68,6.800000000000001,2.7359999999999998,-0.23630412921930616,-4.047699957589056
69,6.9,2.6879999999999997,-0.23524232826499075,-4.181958688839011
70,7.0,2.6399999999999997,-0.23419722520886369,-4.2286506400709705
71,7.1000000000000005,2.5920000000000005,-0.23317047982613873,-4.143913538169454
72,7.2,2.5440000000000005,-0.23216376324275567,-4.223464576882955
73,7.300000000000001,2.4960000000000004,-0.2313271784572662,-4.323612121003878
74,7.4,2.4480000000000004,-0.23163923928746874,-4.27048582529697
75,7.5,2.4000000000000004,-0.23303753628826177,-4.201907166728452
76,7.6000000000000005,2.3520000000000003,-0.23526245294604503,-4.303501611015741
77,7.7,2.3040000000000003,-0.23790494804163625,-4.273821774438908
78,7.800000000000001,2.2560000000000002,-0.24048123963328874,-4.127519808490618
79,7.9,2.208,-0.2399386164175567,-4.24906721055142
80,8.0,2.16,-0.23887733350522306,-4.304119349736181
81,8.1,2.112,-0.2378356559477838,-4.227912392345763
82,8.200000000000001,2.064,-0.23677180498099254,-4.304501609308192
83,8.3,2.016,-0.23567216794442425,-4.4165108551607055
84,8.4,1.9679999999999997,-0.2345877300202288,-4.37448996894036
85,8.5,1.9199999999999997,-0.23352050096452415,-4.3001452694897875
86,8.6,1.8720000000000003,-0.23247251111265874,-4.405725664192761
87,8.700000000000001,1.8240000000000003,-0.23144578265659543,-4.38139610676749
88,8.8,1.7760000000000002,-0.23099906303020412,-4.237436673283846
89,8.9,1.7280000000000002,-0.23168849577115228,-4.348584528897508
90,9.0,1.6800000000000002,-0.23338603992606657,-4.412677425748768
91,9.1,1.6320000000000001,-0.2357835366948835,-4.3466413840792315
92,9.200000000000001,1.584,-0.23844842520311899,-4.426814370451446
93,9.3,1.536,-0.24037761374543457,-4.553172910313306
94,9.4,1.488,-0.2392972203385824,-4.524723977994858
95,9.5,1.44,-0.23823366266661714,-4.451880868174152
96,9.600000000000001,1.392,-0.23718751157955062,-4.562173675365573
97,9.700000000000001,1.3439999999999999,-0.23616003246184555,-4.5436126924478835
98,9.8,1.2959999999999998,-0.23515653140529028,-4.402647102861542
99,9.9,1.2479999999999998,-0.23417865336188165,-4.510441429342491
100,10.0,1.1999999999999997,-0.23314032689312453,-4.585622760444101
101,10.100000000000001,1.1519999999999997,-0.23207419255765635,-4.533272166761659
102,10.200000000000001,1.1040000000000003,-0.23103115979348485,-4.633167589596596
103,10.3,1.0560000000000003,-0.2308492977802593,-4.779678803428268
104,10.4,1.0080000000000002,-0.2317770889200238,-4.77050216130318
105,10.5,0.9600000000000002,-0.23364744335923207,-4.720673230385698
106,10.600000000000001,0.9120000000000001,-0.23612750114341322,-4.839782132005005
107,10.700000000000001,0.8640000000000001,-0.2387778442290924,-4.830616572492305
108,10.8,0.8160000000000001,-0.24003944492132256,-4.696822459958845
109,10.9,0.768,-0.2389558641606164,-4.8319519812714145
110,11.0,0.72,-0.2378900595285564,-4.927319920899248
111,11.100000000000001,0.6719999999999999,-0.23684382643440172,-4.9007701986586
112,11.200000000000001,0.6239999999999999,-0.23581585658737836,-5.084424442194543
113,11.3,0.5759999999999998,-0.2348125547055312,-5.272513658306203
114,11.4,0.5279999999999998,-0.23383687385295407,-5.304819689150238
115,11.5,0.47999999999999976,-0.2328896893356106,-5.386772514921039
116,11.600000000000001,0.4319999999999997,-0.23189022725111666,-5.543582979303462
117,11.700000000000001,0.3839999999999997,-0.230841604715709,-5.573845539172692
118,11.8,0.3360000000000003,-0.23079521290866414,-5.626998841563144
119,11.9,0.28800000000000026,-0.23183370962858157,-5.855073610767565
120,12.0,0.2400000000000002,-0.23377438153219932,-6.034847292531433
121,12.100000000000001,0.19200000000000017,-0.23627828979737847,-6.387614395972463
122,12.200000000000001,0.14400000000000013,-0.23890964374370244,-6.8039687361686045
123,12.3,0.09600000000000009,-0.239920898922996,-7.162303981945078
124,12.4,0.04800000000000004,-0.2388425030655184,-7.366840699903953
125,12.5,0.5,-0.23783437741173255,-5.196211767442975
126,12.600000000000001,0.5,-0.2367994553447773,-5.236938268491918
127,12.700000000000001,0.5,-0.23578338037587665,-5.271780575011091
128,12.8,0.5,-0.23479239025379478,-5.2947141356709135
129,12.9,0.5,-0.233829392655027,-5.301773529488443
130,13.0,0.5,-0.23289497360293693,-5.29173812314005
131,13.100000000000001,0.5,-0.2319000008573877,-5.266343129552174
132,13.200000000000001,0.5,-0.23085912389356558,-5.229979573822437
133,13.3,0.5,-0.23080185916392876,-5.18893504508904
134,13.4,0.5,-0.23182290228471744,-5.150306515247825
135,13.5,0.5,-0.23374570562446173,-5.120773208037518
136,13.600000000000001,0.5,-0.2362377990175999,-5.105441700576449
137,13.700000000000001,0.5,-0.23886827687650058,-5.106962949787015
138,13.8,0.5,-0.23996354394202973,-5.12507391786059
139,13.9,0.5,-0.23888963385123044,-5.156643053884274
140,14.0,0.5,-0.23783437741173255,-5.196211767442975
141,14.100000000000001,0.5,-0.23679945534477734,-5.236938268491918
142,14.200000000000001,0.5,-0.23578338037587665,-5.271780575011091
143,14.3,0.5,-0.23479239025379478,-5.2947141356709135
144,14.4,0.5,-0.233829392655027,-5.301773529488443
145,14.5,0.5,-0.23289497360293693,-5.29173812314005
146,14.600000000000001,0.5,-0.2319000008573877,-5.266343129552174
147,14.700000000000001,0.5,-0.23085912389356558,-5.229979573822437
148,14.8,0.5,-0.23080185916392876,-5.18893504508904
149,14.9,0.5,-0.2318229022847174,-5.150306515247825
150,15.0,0.5,-0.2337457056244617,-5.120773208037518
151,15.100000000000001,0.5,-0.2362377990175999,-5.105441700576449
152,15.200000000000001,0.5,-0.23886827687650056,-5.106962949787015
153,15.3,0.5,-0.23996354394202973,-5.12507391786059
154,15.4,0.5,-0.23888963385123044,-5.156643053884274
155,15.5,0.5,-0.23783437741173255,-5.196211767442975
156,15.600000000000001,0.5,-0.23679945534477734,-5.236938268491919
157,15.700000000000001,0.5,-0.23578338037587665,-5.271780575011091
158,15.8,0.5,-0.23479239025379478,-5.2947141356709135
159,15.9,0.5,-0.23382939265502703,-5.301773529488443
160,16.0,0.5,-0.23289497360293693,-5.29173812314005
161,16.1,0.5,-0.2319000008573877,-5.266343129552174
162,16.2,0.5,-0.23085912389356558,-5.229979573822439
163,16.3,0.5,-0.23080185916392876,-5.188935045089041
164,16.400000000000002,0.5,-0.23182290228471747,-5.150306515247825
165,16.5,0.5,-0.2337457056244617,-5.120773208037518
166,16.6,0.5,-0.23623779901759986,-5.105441700576449
167,16.7,0.5,-0.23886827687650053,-5.106962949787015
168,16.8,0.5,-0.23996354394202973,-5.12507391786059
169,16.900000000000002,0.5,-0.23888963385123044,-5.156643053884274
170,17.0,0.5,-0.23783437741173255,-5.196211767442975
171,17.1,0.5,-0.23679945534477734,-5.236938268491919
172,17.2,0.5,-0.23578338037587668,-5.271780575011091
173,17.3,0.5,-0.23479239025379478,-5.2947141356709135
174,17.400000000000002,0.5,-0.23382939265502697,-5.301773529488443
175,17.5,0.5,-0.23289497360293693,-5.29173812314005
176,17.6,0.5,-0.2319000008573877,-5.266343129552174
177,17.7,0.5,-0.23085912389356558,-5.229979573822437
178,17.8,0.5,-0.23080185916392876,-5.18893504508904
179,17.900000000000002,0.5,-0.23182290228471747,-5.150306515247825
180,18.0,0.5,-0.2337457056244617,-5.120773208037518
181,18.1,0.5,-0.2362377990175999,-5.105441700576449
182,18.2,0.5,-0.23886827687650053,-5.106962949787014
183,18.3,0.5,-0.23996354394202973,-5.125073917860589
184,18.400000000000002,0.5,-0.23888963385123044,-5.156643053884275
185,18.5,0.5,-0.23783437741173255,-5.196211767442975
186,18.6,0.5,-0.2367994553447773,-5.236938268491918
187,18.7,0.5,-0.23578338037587668,-5.271780575011091
188,18.8,0.5,-0.23479239025379478,-5.2947141356709135
189,18.900000000000002,0.5,-0.23382939265502697,-5.301773529488443
190,19.0,0.5,-0.23289497360293693,-5.29173812314005
191,19.1,0.5,-0.2319000008573877,-5.266343129552174
192,19.200000000000003,0.5,-0.23085912389356558,-5.229979573822437
193,19.3,0.5,-0.23080185916392876,-5.188935045089039
194,19.400000000000002,0.5,-0.23182290228471744,-5.150306515247825
195,19.5,0.5,-0.2337457056244617,-5.120773208037518
196,19.6,0.5,-0.2362377990175999,-5.105441700576449
197,19.700000000000003,0.5,-0.2388682768765006,-5.106962949787015
198,19.8,0.5,-0.23996354394202973,-5.12507391786059
199,19.900000000000002,0.5,-0.23888963385123044,-5.156643053884274
200,20.0,0.5,-0.23783437741173255,-5.196211767442975
201,20.1,0.5,-0.2367994553447773,-5.236938268491917
202,20.200000000000003,0.5,-0.23578338037587665,-5.271780575011093
203,20.3,0.5,-0.23479239025379478,-5.2947141356709135
204,20.400000000000002,0.5,-0.23382939265502697,-5.301773529488443
205,20.5,0.5,-0.23289497360293693,-5.29173812314005
206,20.6,0.5,-0.2319000008573877,-5.266343129552174
207,20.700000000000003,0.5,-0.23085912389356558,-5.229979573822436
208,20.8,0.5,-0.23080185916392876,-5.188935045089041
209,20.900000000000002,0.5,-0.23182290228471747,-5.1503065152478245
210,21.0,0.5,-0.2337457056244617,-5.120773208037518
211,21.1,0.5,-0.2362377990175999,-5.105441700576449
212,21.200000000000003,0.5,-0.2388682768765006,-5.106962949787015
213,21.3,0.5,-0.23996354394202973,-5.125073917860588
214,21.400000000000002,0.5,-0.23888963385123044,-5.156643053884274
215,21.5,0.5,-0.23783437741173255,-5.196211767442975
216,21.6,0.5,-0.23679945534477734,-5.236938268491918
217,21.700000000000003,0.5,-0.23578338037587665,-5.271780575011091
218,21.8,0.5,-0.23479239025379478,-5.2947141356709135
219,21.900000000000002,0.5,-0.233829392655027,-5.301773529488443
220,22.0,0.5,-0.23289497360293693,-5.29173812314005
221,22.1,0.5,-0.2319000008573877,-5.266343129552174
222,22.200000000000003,0.5,-0.23085912389356558,-5.229979573822437
223,22.3,0.5,-0.23080185916392876,-5.188935045089039
224,22.400000000000002,0.5,-0.23182290228471744,-5.150306515247825
225,22.5,0.5,-0.2337457056244617,-5.120773208037518
226,22.6,0.5,-0.2362377990175999,-5.105441700576449
227,22.700000000000003,0.5,-0.2388682768765006,-5.106962949787015
228,22.8,0.5,-0.23996354394202973,-5.125073917860589
229,22.900000000000002,0.5,-0.23888963385123044,-5.156643053884274
230,23.0,0.5,-0.23783437741173255,-5.196211767442977
231,23.1,0.5,-0.23679945534477734,-5.236938268491919
232,23.200000000000003,0.5,-0.23578338037587665,-5.271780575011093
233,23.3,0.5,-0.23479239025379478,-5.294714135670912
234,23.400000000000002,0.5,-0.23382939265502697,-5.301773529488443
235,23.5,0.5,-0.23289497360293693,-5.29173812314005
236,23.6,0.5,-0.2319000008573877,-5.266343129552176
237,23.700000000000003,0.5,-0.23085912389356558,-5.229979573822437
238,23.8,0.5,-0.23080185916392876,-5.188935045089041
239,23.900000000000002,0.5,-0.23182290228471744,-5.150306515247825
240,24.0,0.5,-0.2337457056244617,-5.120773208037518
241,24.1,0.5,-0.2362377990175999,-5.105441700576449
242,24.200000000000003,0.5,-0.2388682768765006,-5.106962949787015
243,24.3,0.5,-0.23996354394202976,-5.125073917860588
244,24.400000000000002,0.5,-0.23888963385123044,-5.156643053884274
245,24.5,0.5,-0.23783437741173255,-5.196211767442975
246,24.6,0.5,-0.23679945534477734,-5.236938268491917
247,24.700000000000003,0.5,-0.23578338037587665,-5.271780575011091
248,24.8,0.5,-0.23479239025379478,-5.2947141356709135
249,24.900000000000002,0.5,-0.233829392655027,-5.301773529488443
