Time (t),Amplitude (h),Frequency (f)
-10.0,0.06852913746087819,10.050840650523256
-9.97997997997998,0.09073099054630375,10.051522872966416
-9.95995995995996,0.10947096923072436,10.052214238076626
-9.93993993993994,0.12396933920105377,10.052914868054241
-9.91991991991992,0.13361028214810478,10.053624886724208
-9.8998998998999,0.13796792202803806,10.05434441955742
-9.87987987987988,0.13682493956475686,10.055073593692363
-9.85985985985986,0.13018296853569894,10.055812537957031
-9.83983983983984,0.11826429063723728,10.056561382891104
-9.81981981981982,0.10150469096616124,10.05732026076845
-9.7997997997998,0.08053768970523884,10.05808930561988
-9.77977977977978,0.056170713345003065,10.058868653256216
-9.75975975975976,0.029354096711512335,10.059658441291628
-9.73973973973974,0.0011441018838732379,10.060458809167322
-9.71971971971972,-0.0273386103192857,10.06126989817546
-9.6996996996997,-0.05495342660647757,10.062091851483451
-9.67967967967968,-0.08058538538397089,10.0629248141585
-9.65965965965966,-0.10319011837336063,10.063768933192499
-9.63963963963964,-0.12183632116582045,10.06462435752725
-9.61961961961962,-0.1357440288080156,10.065491238079968
-9.5995995995996,-0.1443171269680362,10.066369727769118
-9.57957957957958,-0.1471687478957049,10.067259981540627
-9.55955955955956,-0.1441384750130085,10.068162156394362
-9.53953953953954,-0.13530059997851726,10.06907641141099
-9.51951951951952,-0.12096302898977773,10.070002907779166
-9.4994994994995,-0.10165680702428087,10.070941808823065
-9.47947947947948,-0.07811660490246669,10.071893280030249
-9.45945945945946,-0.05125287942597159,10.072857489079908
-9.43943943943944,-0.02211675665435497,10.073834605871461
-9.41941941941942,0.008141011205771341,10.074824802553486
-9.3993993993994,0.03831541618403726,10.075828253553052
-9.37937937937938,0.06719510660746247,10.076845135605396
-9.35935935935936,0.0936109389092101,10.077875627783992
-9.33933933933934,0.11648322629441725,10.078919911530978
-9.31931931931932,0.1348657780371619,10.07997817068798
-9.2992992992993,0.14798493662511222,10.081050591527333
-9.27927927927928,0.15527200625446735,10.08213736278367
-9.25925925925926,0.1563877184187946,10.083238675685905
-9.23923923923924,0.15123768894096934,10.084354723989655
-9.21921921921922,0.13997817383869757,10.085485704010036
-9.1991991991992,0.12301181508330601,10.086631814654861
-9.17917917917918,0.10097346646100408,10.087793257458284
-9.15915915915916,0.0747065884851184,10.088970236614834
-9.13913913913914,0.04523108363504397,10.090162959013899
-9.11911911911912,0.013703793640856185,10.091371634274605
-9.0990990990991,-0.018626815225432768,10.092596474781178
-9.07907907907908,-0.05047000742861203,10.093837695718694
-9.05905905905906,-0.08054422623416484,10.09509551510931
-9.03903903903904,-0.10762858714359123,10.096370153848916
-9.01901901901902,-0.13061235100547827,10.097661835744258
-8.998998998999,-0.14854037555916888,10.098970787550531
-8.97897897897898,-0.16065268943408767,10.1002972390094
-8.95895895895896,-0.1664165535289341,10.101641422887518
-8.93893893893894,-0.16554966297599158,10.10300357501552
-8.91891891891892,-0.15803348753183308,10.104383934327473
-8.8988988988989,-0.14411613585207403,10.105782742900832
-8.87887887887888,-0.12430454449783918,10.10720024599689
-8.85885885885886,-0.09934621924198477,10.10863669210169
-8.83883883883884,-0.07020117726371634,10.110092332967483
-8.81881881881882,-0.03800513720273244,10.111567423654662
-8.7987987987988,-0.0040253636221622025,10.11306222257421
-8.77877877877878,0.030389121535917593,10.114576991530672
-8.75875875875876,0.06386100813716175,10.116111995765667
-8.73873873873874,0.09503973194363691,10.11766750400188
-8.71871871871872,0.12265587806518187,10.11924378848764
-8.6986986986987,0.14557276588457593,10.12084112504201
-8.67867867867868,0.16283312306381498,10.122459793100425
-8.65865865865866,0.17369893645541362,10.124100075760893
-8.63863863863864,0.17768282613008413,10.125762259830722
-8.618618618618619,0.17456961555167302,10.127446635873863
-8.598598598598599,0.1644271536191568,10.129153498258756
-8.578578578578579,0.1476058679484516,10.130883145206813
-8.558558558558559,0.12472697671501037,10.13263587884143
-8.538538538538539,0.09665974084404981,10.134412005237628
-8.518518518518519,0.06448858113674893,10.136211834472245
-8.498498498498499,0.029471298197662015,10.138035680674754
-8.478478478478479,-0.007010000038309126,10.139883862078683
-8.458458458458459,-0.04350335288672837,10.141756701073636
-8.438438438438439,-0.07854464200531519,10.143654524257919
-8.418418418418419,-0.1107162381624758,10.145577662491828
-8.398398398398399,-0.13870425426212005,10.147526450951531
-8.378378378378379,-0.16135209626754785,10.14950122918357
-8.358358358358359,-0.17770813364626492,10.151502341160072
-8.338338338338339,-0.18706552938433008,10.15353013533452
-8.318318318318319,-0.18899256844049128,10.155584964698242
-8.298298298298299,-0.1833521913837634,10.157667186837529
-8.278278278278279,-0.17030986267830708,10.159777163991436
-8.258258258258259,-0.15032936412676473,10.161915263110227
-8.238238238238239,-0.12415658516722335,10.164081855914535
-8.218218218218219,-0.092791863895183,10.16627731895517
-8.198198198198199,-0.05745189651201856,10.16850203367365
-8.178178178178179,-0.01952265962777246,10.17075638646341
-8.158158158158159,0.01949483795106303,10.17304076873171
-8.138138138138139,0.058043855011026914,10.175355576962271
-8.118118118118119,0.09457393064069955,10.177701212778622
-8.098098098098099,0.12760314354842053,10.180078083008148
-8.078078078078079,0.1557781219537342,10.182486599746891
-8.058058058058059,0.17792937820233332,10.184927180425095
-8.038038038038039,0.1931197103352069,10.187400247873448
-8.018018018018019,0.20068367286304145,10.189906230390122
-7.997997997997998,0.2002564612631426,10.192445561808526
-7.977977977977978,0.1917909661568284,10.195018681565863
-7.957957957957958,0.17556221778841619,10.197626034772401
-7.937937937937938,0.152158941096926,10.200268072281574
-7.917917917917918,0.12246245658174562,10.202945250760799
-7.897897897897898,0.08761367177665502,10.205658032763143
-7.877877877877878,0.04896939197309423,10.20840688679974
-7.857857857857858,0.008049617253585254,10.211192287413017
-7.837837837837838,-0.0335221320459327,10.214014715250716
-7.817817817817818,-0.07408312318823031,10.216874657140757
-7.797797797797798,-0.11199780924328098,10.21977260616687
-7.777777777777778,-0.14572367037830142,10.222709061745093
-7.757757757757758,-0.173873852015138,10.22568452970107
-7.737737737737738,-0.19527406088344917,10.228699522348194
-7.717717717717718,-0.20901138997366073,10.231754558566596
-7.697697697697698,-0.21447304850326648,10.234850163882964
-7.677677677677678,-0.21137336177674432,10.23798687055124
-7.657657657657658,-0.19976786331737437,10.24116521763413
-7.637637637637638,-0.18005381007509227,10.244385751085538
-7.617617617617618,-0.15295699087818634,10.24764902383382
-7.597597597597598,-0.11950524720612579,10.250955595865928
-7.5775775775775776,-0.08098966186904923,10.254306034312442
-7.5575575575575575,-0.038914873660538044,10.25770091353348
-7.5375375375375375,0.005059575930286131,10.261140815205497
-7.5175175175175175,0.04918458271723603,10.264626328408987
-7.4974974974974975,0.09169093866504234,10.268158049717076
-7.4774774774774775,0.13086015582002722,10.271736583285033
-7.4574574574574575,0.16509382464499706,10.275362540940677
-7.4374374374374375,0.19297871212457954,10.279036542275719
-7.4174174174174174,0.21334495347024393,10.282759214738
-7.397397397397397,0.22531494708268765,10.286531193724684
-7.377377377377377,0.2283409162218275,10.29035312267635
-7.357357357357357,0.2222295391838043,10.294225653172035
-7.337337337337337,0.20715255578224845,10.2981494450252
-7.317317317317317,0.18364281181941974,10.302125166380673
-7.297297297297297,0.15257578317323012,10.306153493812488
-7.277277277277277,0.11513720405921002,10.310235112422703
-7.257257257257257,0.0727779865873552,10.314370715941166
-7.237237237237237,0.027158138187173116,10.318561006826233
-7.217217217217217,-0.01991816136836955,10.322806696366442
-7.197197197197197,-0.06657378952705212,10.327108504783162
-7.177177177177177,-0.11093340988662094,10.331467161334185
-7.157157157157157,-0.15119873029107192,10.335883404418297
-7.137137137137137,-0.18572127478351963,10.340357981680825
-7.117117117117117,-0.21306972961262338,10.344891650120132
-7.097097097097097,-0.23208911755719147,10.34948517619512
-7.077077077077077,-0.24194936062813935,10.354139335933649
-7.057057057057057,-0.24218119735741492,10.358854915042002
-7.037037037037037,-0.23269791190080477,10.363632709015281
-7.017017017017017,-0.21380188904705738,10.368473523248781
-6.996996996996997,-0.18617561012593842,10.373378173150357
-6.976976976976977,-0.1508573259869101,10.378347484253762
-6.956956956956957,-0.10920225991771931,10.383382292332957
-6.936936936936937,-0.0628307808086157,10.388483443517408
-6.916916916916917,-0.01356552123835095,10.393651794408346
-6.896896896896897,0.03664012540455886,10.398888212196013
-6.876876876876877,0.08577932918398223,10.40419357477787
-6.856856856856857,0.131871913601165,10.40956877087779
-6.836836836836837,0.1730440201054799,10.415014700166203
-6.816816816816817,0.20760414734733276,10.420532273381212
-6.796796796796797,0.23411248511833155,10.426122412450685
-6.776776776776776,0.2514407071955764,10.43178605061528
-6.756756756756756,0.2588197473222041,10.437524132552461
-6.736736736736736,0.25587354480090146,10.443337614501417
-6.716716716716716,0.24263729292637656,10.449227464388976
-6.696696696696696,0.21955933347907847,10.455194661956423
-6.676676676676676,0.18748648977953603,10.461240198887278
-6.656656656656656,0.14763329362556044,10.46736507893597
-6.636636636636636,0.10153621131783547,10.473570318057472
-6.616616616616616,0.0509945847439222,10.479856944537815
-6.596596596596596,-0.001999449683652244,10.486225999125523
-6.576576576576576,-0.055339341007035206,10.49267853516396
-6.556556556556556,-0.10688772452128326,10.499215618724516
-6.536536536536536,-0.15456193106982627,10.50583832874074
-6.516516516516516,-0.19641798930996907,10.51254775714327
-6.496496496496496,-0.2307297384261128,10.519345008995671
-6.476476476476476,-0.25605983775486274,10.526231202631095
-6.456456456456456,-0.27131975906738376,10.53320746978978
-6.436436436436436,-0.27581626586986785,10.54027495575735
-6.416416416416416,-0.2692824061962281,10.547434819503959
-6.396396396396396,-0.25189165086162707,10.554688233824177
-6.376376376376376,-0.2242544743974575,10.562036385477686
-6.356356356356356,-0.1873973746866015,10.569480475330732
-6.336336336336336,-0.14272503189419036,10.577021718498298
-6.316316316316316,-0.09196698942054865,10.584661344487007
-6.296296296296296,-0.03711087174005613,10.592400597338766
-6.276276276276276,0.019675289632768572,10.600240735775031
-6.256256256256256,0.07612859312311059,10.608183033341806
-6.236236236236236,0.12998129825836843,10.616228778555222
-6.216216216216216,0.17905177484552043,10.624379275047787
-6.196196196196196,0.22133272840926174,10.63263584171522
-6.176176176176176,0.2550731401405779,10.640999812863829
-6.156156156156156,0.2788505831597817,10.649472538358488
-6.136136136136136,0.2916309361875704,10.658055383771103
-6.116116116116116,0.2928129974179767,10.666749730529578
-6.096096096096096,0.28225608715523504,10.675556976067245
-6.076076076076076,0.26028939494664316,10.684478533972744
-6.056056056056056,0.22770254940119755,10.693515834140303
-6.036036036036036,0.18571763808665676,10.702670322920369
-6.016016016016016,0.13594365100062536,10.711943463270615
-5.995995995995996,0.08031503415362756,10.721336734907226
-5.975975975975976,0.021016690908863454,10.730851634456474
-5.955955955955956,-0.039601668727764314,10.740489675606504
-5.935935935935936,-0.09911847996575826,10.750252389259341
-5.915915915915916,-0.1551369054504369,10.760141323683012
-5.895895895895896,-0.20538120188584175,10.77015804466383
-5.875875875875876,-0.24778900282858374,10.78030413565871
-5.8558558558558556,-0.28059578217451114,10.790581197947539
-5.8358358358358355,-0.3024080465586935,10.800990850785482
-5.8158158158158155,-0.31226222936385034,10.811534731555298
-5.7957957957957955,-0.30966680838375565,10.822214495919443
-5.7757757757757755,-0.29462582237884155,10.833031817972113
-5.7557557557557555,-0.2676426934182505,10.843988390390962
-5.7357357357357355,-0.22970404330071093,10.855085924588646
-5.7157157157157155,-0.18224399253387485,10.866326150863973
-5.6956956956956954,-0.1270902173734893,10.877710818552696
-5.675675675675675,-0.06639378259660479,10.88924169617787
-5.655655655655655,-0.0025454348683185864,10.90092057159968
-5.635635635635635,0.06191839361294639,10.91274925216474
-5.615615615615615,0.12441618252627412,10.924729564854719
-5.595595595595595,0.1824245387195836,10.936863356434301
-5.575575575575575,0.23357990914379712,10.949152493598383
-5.555555555555555,0.27577469834359747,10.961598863118404
-5.535535535535535,0.3072438890142867,10.97420437198781
-5.515515515515515,0.326638613809174,10.986970947566487
-5.495495495495495,0.33308362157704835,10.999900537724194
-5.475475475475475,0.32621620283242536,11.012995110982818
-5.455455455455455,0.3062048635892671,11.026256656657402
-5.435435435435435,0.27374683548544376,11.039687184995909
-5.415415415415415,0.23004435193913572,11.053288727317586
-5.395395395395395,0.17676047147960092,11.067063336149822
-5.375375375375375,0.11595605629974032,11.081013085363487
-5.355355355355355,0.050010283111996894,11.095140070306588
-5.335335335335335,-0.018472256768772653,11.109446407936169
-5.315315315315315,-0.08676424853598766,11.123934236948383
-5.295295295295295,-0.15212409466409996,11.138605717906593
-5.275275275275275,-0.21190580062486733,11.153463033367434
-5.255255255255255,-0.26366590824280633,11.168508388004707
-5.235235235235235,-0.30526316248743157,11.183744008731018
-5.215215215215215,-0.33494685436783167,11.199172144817044
-5.195195195195195,-0.35143020431993754,11.21479506800829
-5.175175175175175,-0.35394572146318126,11.23061507263927
-5.155155155155155,-0.3422801726416611,11.246634475744951
-5.135135135135135,-0.31678759425364567,11.26285561716934
-5.115115115115115,-0.278379648259014,11.279280859671136
-5.095095095095095,-0.22849352715217364,11.295912589026258
-5.075075075075075,-0.16903851513273743,11.312753214127149
-5.055055055055055,-0.10232317798153967,11.329805167078742
-5.035035035035035,-0.030965947239299022,11.347070903290913
-5.015015015015015,0.04220744721195876,11.364552901567293
-4.994994994994995,0.11427568661427198,11.382253664190337
-4.974974974974975,0.1823383062535885,11.40017571700244
-4.954954954954955,0.24363223787656998,11.418321609482991
-4.934934934934935,0.295643776396994,11.436693914821209
-4.914914914914915,0.33621144168527123,11.45529522998461
-4.894894894894895,0.36361553513376116,11.47412817578293
-4.874874874874875,0.37665069076219965,11.493195396927351
-4.854854854854855,0.3746783731836291,11.512499562084884
-4.834834834834835,0.3576570548353747,11.532043363927691
-4.814814814814815,0.3261486822180227,11.551829519177264
-4.794794794794795,0.2813009810587135,11.571860768643166
-4.774774774774775,0.22480611610616377,11.592139877256283
-4.754754754754755,0.15883717412943762,11.612669634096285
-4.734734734734735,0.0859648402950513,11.633452852413239
-4.714714714714715,0.009057451850568055,11.654492369643044
-4.694694694694695,-0.06883169440897392,11.675791047416649
-4.674674674674675,-0.14458536183413764,11.697351771562698
-4.654654654654655,-0.2151469320771799,11.719177452103573
-4.634634634634635,-0.27764353253977636,11.741271023244483
-4.614614614614615,-0.32950278139208955,11.763635443355483
-4.594594594594595,-0.36855841471114414,11.786273694946214
-4.574574574574575,-0.39314046829312504,11.80918878463308
-4.554554554554555,-0.4021462716104985,11.832383743098738
-4.534534534534535,-0.3950892511646854,11.855861625043634
-4.514514514514515,-0.3721234066914779,11.879625509129351
-4.494494494494495,-0.33404228257135826,11.903678497913589
-4.474474474474475,-0.28225227065203184,11.928023717776504
-4.454454454454455,-0.21872110926901767,11.952664318838202
-4.434434434434435,-0.1459034454009781,11.977603474867156
-4.414414414414415,-0.06664626219804665,12.002844383179259
-4.394394394394395,0.015922195490666802,12.02839026452737
-4.374374374374375,0.09851567365095357,12.054244362980988
-4.354354354354355,0.17782049237632808,12.080409945795896
-4.334334334334335,0.2506282794543925,12.106890303273506
-4.314314314314315,0.31396554591331743,12.133688748609611
-4.2942942942942945,0.3652148792043962,12.160808617732336
-4.2742742742742745,0.4022228240160967,12.188253269129024
-4.2542542542542545,0.4233900152064324,12.216026083661738
-4.2342342342342345,0.42773980377284393,12.2441304643712
-4.2142142142142145,0.414962449474592,12.27256983626885
-4.1941941941941945,0.38543291052822604,12.301347646116735
-4.1741741741741745,0.34020130432014867,12.330467362195023
-4.1541541541541545,0.28095620214979966,12.359932474056805
-4.134134134134134,0.20996201230221886,12.389746492269929
-4.114114114114114,0.12997275548212134,12.419912948145612
-4.094094094094094,0.04412550237080204,12.450435393453507
-4.074074074074074,-0.04418241463096365,12.481317400122983
-4.054054054054054,-0.13142761932423755,12.512562559930291
-4.034034034034034,-0.21410104599580737,12.544174484171386
-4.014014014014014,-0.28884884799601024,12.576156803320053
-3.9939939939939944,-0.3526082114213206,12.608513166671116
-3.9739739739739743,-0.4027325837135888,12.641247241968383
-3.9539539539539543,-0.43710120754895243,12.674362715017082
-3.9339339339339343,-0.4542084390228575,12.70786328928046
-3.9139139139139143,-0.453229103898637,12.741752685460291
-3.8938938938938943,-0.4340570769866272,12.776034641060978
-3.8738738738738743,-0.3973153214510958,12.810712909936946
-3.8538538538538543,-0.34433675577326045,12.845791261823095
-3.8338338338338342,-0.27711648149103746,12.881273481847927
-3.8138138138138142,-0.19823705820818255,12.917163370029158
-3.7937937937937942,-0.1107696073439982,12.953464740751464
-3.773773773773774,-0.018154518276701326,12.990181422226076
-3.753753753753754,0.07593362071673888,13.027317255931969
-3.733733733733734,0.16773157421140011,13.064876096038343
-3.713713713713714,0.25353773841547866,13.102861808808104
-3.693693693693694,0.32986115538319133,13.141278271982088
-3.673673673673674,0.39356327362567567,13.180129374143739
-3.653653653653654,0.4419867089680547,13.219419014063948
-3.633633633633634,0.4730657348873044,13.25915110002584
-3.613613613613614,0.48541392225204644,13.299329549129165
-3.593593593593594,0.4783852283906626,13.339958286574106
-3.573573573573573,0.45210587095206467,13.38104124492418
-3.553553553553553,0.40747547279592183,13.42258236334802
-3.533533533533533,0.34613718491034096,13.4645855868398
-3.513513513513513,0.2704177366874925,13.507054865418006
-3.493493493493493,0.18323957711877947,13.549994153302357
-3.473473473473473,0.0880084076568379,13.593407408068686
-3.453453453453453,-0.011519578614754838,13.63729858978142
-3.433433433433433,-0.11138558793316412,13.681671660103628
-3.413413413413413,-0.20758543477981303,13.726530581384285
-3.393393393393393,-0.2962298360325062,13.771879315722614
-3.373373373373373,-0.37370138370270967,13.817721824009311
-3.353353353353353,-0.4368018713685531,13.864062064944463
-3.333333333333333,-0.4828839855976844,13.910903994031973
-3.313313313313313,-0.5099619528242522,13.958251562550398
-3.293293293293293,-0.5167965330167394,14.006108716499934
-3.273273273273273,-0.5029507436974096,14.054479395525528
-3.253253253253253,-0.46881384317743763,14.103367531815893
-3.233233233233233,-0.4155923555324216,14.152777048978404
-3.213213213213213,-0.34526823243171456,14.202711860889671
-3.193193193193193,-0.26052556626098405,14.253175870521783
-3.173173173173173,-0.164648542159683,14.304172968744117
-3.153153153153153,-0.06139449217910535,14.355707033100643
-3.133133133133133,0.045153055200042945,14.407781926562695
-3.113113113113113,0.1507455949671534,14.460401496257191
-3.093093093093093,0.2511387810339215,14.513569572170244
-3.073073073073073,0.34226275469470896,14.567289965826225
-3.053053053053053,0.42038684163337936,14.621566468942277
-3.033033033033033,0.4822719640948244,14.6764028520583
-3.013013013013013,0.525304554247069,14.731802863142502
-2.992992992992993,0.5476064470224211,14.78777022617258
-2.972972972972973,0.5481161501011055,14.844308639692613
-2.952952952952953,0.5266380001263123,14.901421775345847
-2.932932932932933,0.48385697466621913,14.959113276383412
-2.9129129129129128,0.4213182894924778,15.017386756149254
-2.8928928928928928,0.34137231665773515,15.076245796541357
-2.8728728728728727,0.2470867545865406,15.135693946449567
-2.8528528528528527,0.14212931086197386,15.195734720170154
-2.8328328328328327,0.030625367719742884,15.256371595797464
-2.8128128128128127,-0.08300386003522661,15.31760801359284
-2.7927927927927927,-0.19421633797721044,15.379447374331248
-2.7727727727727727,-0.2985304797605441,15.441893037625805
-2.7527527527527527,-0.3917054468955734,15.504948320230689
-2.7327327327327327,-0.4699132386867363,15.568616494322745
-2.7127127127127126,-0.5298956015953206,15.632900785762235
-2.6926926926926926,-0.5690993403307035,15.697804372333175
-2.6726726726726726,-0.5857844279575783,15.763330381963724
-2.6526526526526526,-0.5791003586394459,15.829481890927156
-2.6326326326326326,-0.5491274241987872,15.89626192202388
-2.6126126126126126,-0.49688097634496453,15.963673442745197
-2.5925925925925926,-0.42427820595628146,16.03171936341925
-2.5725725725725725,-0.3340684709554136,16.100402535339878
-2.5525525525525525,-0.22972967514341547,16.169725748879046
-2.5325325325325325,-0.11533458260730414,16.239691731583463
-2.5125125125125125,0.004607810182083975,16.310303146256175
-2.4924924924924925,0.12532968052750007,16.381562589023897
-2.4724724724724725,0.24199359686745583,16.453472587390827
-2.4524524524524525,0.3498860503779503,16.52603559827978
-2.4324324324324325,0.4446075704724109,16.599254006061557
-2.4124124124124124,0.5222517687688911,16.67313012057332
-2.3923923923923924,0.5795660387635165,16.74766617512703
-2.3723723723723724,0.6140873159993364,16.82286432450882
-2.3523523523523524,0.6242472511357949,16.898726642970317
-2.3323323323323324,0.60944233015636,16.97525512221297
-2.3123123123123124,0.5700658464651485,17.052451669366405
-2.2922922922922924,0.507500135345881,17.13031810496191
-2.2722722722722724,0.42406906286148777,17.208856160902243
-2.2522522522522523,0.3229523559118644,17.288067478428804
-2.2322322322322323,0.20806490396407673,17.36795360608752
-2.2122122122122123,0.08390559357349445,17.448515997694525
-2.1921921921921923,-0.04461850408401326,17.529756010303032
-2.1721721721721723,-0.17238573674714738,17.611674902172602
-2.1521521521521523,-0.2942636407998301,17.694273830742198
-2.1321321321321323,-0.4053147831244149,17.77755385060834
-2.1121121121121122,-0.5009964327874616,17.86151591150982
-2.0920920920920922,-0.5773460015631253,17.946160856320326
-2.0720720720720722,-0.6311446984815264,18.0314894190505
-2.052052052052052,-0.66005265696176,18.117502222860868
-2.032032032032032,-0.6627098834865581,18.204199778087172
-2.012012012012012,-0.63879870267557,18.291582480279686
-1.9919919919919913,-0.5890648837114361,18.379650608258004
-1.9719719719719713,-0.5152962682589929,18.46840432218297
-1.9519519519519513,-0.4202594156904606,18.557843661647347
-1.9319319319319312,-0.3075964700397122,18.647968543786867
-1.9119119119119112,-0.18168606684792799,18.738778761413315
-1.8918918918918912,-0.04747357158161355,18.83027398117138
-1.8718718718718712,0.08972278564710852,18.922453741720954
-1.8518518518518512,0.22442229443886874,19.015317451946604
-1.8318318318318312,0.3512003591519002,19.108864389195993
-1.8118118118118112,0.4649066000047211,19.203093697548972
-1.7917917917917912,0.5608737054397562,19.298004386119185
-1.7717717717717711,0.6351085816463006,19.393595327389885
-1.7517517517517511,0.6844579874563406,19.489865255585876
-1.7317317317317311,0.7067418037368673,19.58681276508328
-1.711711711711711,0.7008483299146078,19.684436308859055
-1.691691691691691,0.666787478762532,19.78273419698199
-1.671671671671671,0.6056993966200781,19.881704595147088
-1.651651651651651,0.5198178047932257,19.98134552325509
-1.631631631631631,0.41238916893099803,20.081654854039087
-1.611611611611611,0.28755058437876607,20.182630311739878
-1.591591591591591,0.15017094515905685,20.284269470832065
-1.571571571571571,0.0056614741186297385,20.3865697548026
-1.551551551551551,-0.14023703003944094,20.489528434983626
-1.531531531531531,-0.2816818797951827,20.593142629441356
-1.511511511511511,-0.4129621045548507,20.697409301922914
-1.491491491491491,-0.5287286497700653,20.80232526086269
-1.471471471471471,-0.6242119058114266,20.907887158450148
-1.451451451451451,-0.6954177368597414,21.01409148976068
-1.431431431431431,-0.7392939717248688,21.120934591951304
-1.411411411411411,-0.7538604390246659,21.22841264352279
-1.391391391391391,-0.7382970362402882,21.336521663649933
-1.3713713713713709,-0.6929859616570607,21.44525751158153
-1.3513513513513509,-0.6195060461898391,21.554615886111698
-1.3313313313313309,-0.5205790273913667,21.664592325124005
-1.3113113113113108,-0.39996953488807185,21.775182205209973
-1.2912912912912908,-0.26234242793958,21.886380741363404
-1.2712712712712708,-0.11308286624194178,21.998182986751907
-1.2512512512512508,0.041913966394011334,22.110583832567038
-1.2312312312312308,0.19647529261140897,22.223578007954345
-1.2112112112112108,0.3443961786830954,22.337160080024596
-1.1911911911911908,0.47968823524442933,22.451324453947393
-1.1711711711711708,0.5968216292544795,22.566065373128314
-1.1511511511511507,0.6909506432108732,22.68137691947071
-1.1311311311311307,0.7581135992698051,22.797253013723125
-1.1111111111111107,0.795398920646797,22.913687415913373
-1.0910910910910907,0.8010703951892958,23.030673725870106
-1.0710710710710707,0.7746462871756676,23.148205383832746
-1.0510510510510507,0.7169287520866583,23.26627567115049
-1.0310310310310307,0.629981974574572,23.384877711071123
-1.0110110110110107,0.5170594945223327,23.504004469620178
-0.9909909909909906,0.38248322853817973,23.623648756571008
-0.9709709709709706,0.2314786525052705,23.74380322650623
-0.9509509509509506,0.06997240565068982,23.86446037997083
-0.9309309309309306,-0.09563986531288828,23.98561256471729
-0.9109109109109106,-0.25874634650581985,24.10725197704288
-0.8908908908908906,-0.4127826033068056,24.229370663219225
-0.8708708708708706,-0.5514953447448668,24.351960521014167
-0.8508508508508505,-0.6691958246462187,24.475013301305864
-0.8308308308308305,-0.7609926290520036,24.598520609788913
-0.8108108108108105,-0.8229943440877415,24.722473908772315
-0.7907907907907905,-0.8524737305174819,24.846864519068813
-0.7707707707707705,-0.8479865083485801,24.971683621975316
-0.7507507507507505,-0.8094396205745605,25.0969222613437
-0.7307307307307305,-0.7381058309282984,25.222571345741475
-0.7107107107107105,-0.636583638459855,25.348621650701535
-0.6906906906906904,-0.5087036776167193,25.475063821060136
-0.6706706706706704,-0.35938492905171004,25.601888373382256
-0.6506506506506504,-0.19444610685293745,25.729085698473227
-0.6306306306306304,-0.020379429478418757,25.856646063975596
-0.6106106106106104,0.1559044511035114,25.984559617049932
-0.5905905905905904,0.32735035980512966,26.11281638713836
-0.5705705705705704,0.4870405097643226,26.24140628880932
-0.5505505505505504,0.6284731679018877,26.370319124682144
-0.5305305305305303,0.7458268677538572,26.499544588429806
-0.5105105105105103,0.8341994524197244,26.629072267858174
-0.4904904904904903,0.8898121541858625,26.75889164806003
-0.4704704704704703,0.9101702414688798,26.888992114641947
-0.4504504504504503,0.8941734382691633,27.01936295702213
-0.4304304304304303,0.8421712819607177,27.14999337179713
-0.41041041041041026,0.7559607556036617,27.280872466175392
-0.39039039039039025,0.638725825655663,27.411989261475355
-0.37037037037037024,0.49492084390847496,27.543332696685916
-0.3503503503503502,0.33010204054911296,27.674891632086833
-0.3303303303303302,0.1507134519592416,27.806654852926695
-0.3103103103103102,-0.036164493924409936,27.93861107315593
-0.2902902902902902,-0.22309394747002295,28.070748939212294
-0.2702702702702702,-0.40257519092926974,28.203057033856226
-0.25025025025025016,-0.5673470506349914,28.335523880053337
-0.23023023023023015,-0.7106801535054422,28.468137944901336
-0.21021021021021014,-0.8266512040520109,28.600887643598515
-0.19019019019019012,-0.9103871245325048,28.73376134345098
-0.1701701701701701,-0.9582690203599604,28.866747367915714
-0.1501501501501501,-0.9680874640936925,28.99983400067647
-0.13013013013013008,-0.9391424761787818,29.133009489749554
-0.11011011011011007,-0.8722837462805576,29.26626205161642
-0.09009009009009006,-0.7698890009467213,29.39957987537999
-0.07007007007007005,-0.6357808882336488,29.53295112694166
-0.05005005005005003,-0.47508521978454094,29.666363953195784
-0.03003003003003002,-0.2940357865879115,29.79980648623854
-0.010010010010010006,-0.09973315019740181,29.93326684758797
0.010010010010010006,0.09973315019740181,30.06673315241203
0.03003003003003002,0.2940357865879115,30.20019351376146
0.05005005005005003,0.47508521978454094,30.333636046804216
0.07007007007007005,0.6357808882336488,30.46704887305834
0.09009009009009006,0.7698890009467213,30.60042012462001
0.11011011011011007,0.8722837462805576,30.73373794838358
0.13013013013013008,0.9391424761787818,30.866990510250446
0.1501501501501501,0.9680874640936925,31.00016599932353
0.1701701701701701,0.9582690203599604,31.133252632084286
0.19019019019019012,0.9103871245325048,31.26623865654902
0.21021021021021014,0.8266512040520109,31.399112356401485
0.23023023023023015,0.7106801535054422,31.531862055098664
0.25025025025025016,0.5673470506349914,31.664476119946663
0.2702702702702702,0.40257519092926974,31.796942966143774
0.2902902902902902,0.22309394747002295,31.929251060787706
0.3103103103103102,0.036164493924409936,32.06138892684407
0.3303303303303302,-0.1507134519592416,32.1933451470733
0.3503503503503502,-0.33010204054911296,32.32510836791317
0.37037037037037024,-0.49492084390847496,32.456667303314084
0.39039039039039025,-0.638725825655663,32.588010738524645
0.41041041041041026,-0.7559607556036617,32.719127533824604
0.4304304304304303,-0.8421712819607177,32.85000662820287
0.4504504504504503,-0.8941734382691633,32.98063704297787
0.4704704704704703,-0.9101702414688798,33.11100788535805
0.4904904904904903,-0.8898121541858625,33.24110835193997
0.5105105105105103,-0.8341994524197244,33.37092773214182
0.5305305305305303,-0.7458268677538572,33.500455411570194
0.5505505505505504,-0.6284731679018877,33.62968087531785
0.5705705705705704,-0.4870405097643226,33.758593711190684
0.5905905905905904,-0.32735035980512966,33.88718361286164
0.6106106106106104,-0.1559044511035114,34.01544038295007
0.6306306306306304,0.020379429478418757,34.143353936024404
0.6506506506506504,0.19444610685293745,34.27091430152677
0.6706706706706704,0.35938492905171004,34.39811162661775
0.6906906906906904,0.5087036776167193,34.52493617893987
0.7107107107107105,0.636583638459855,34.65137834929847
0.7307307307307305,0.7381058309282984,34.77742865425852
0.7507507507507505,0.8094396205745605,34.9030777386563
0.7707707707707705,0.8479865083485801,35.028316378024684
0.7907907907907905,0.8524737305174819,35.153135480931184
0.8108108108108105,0.8229943440877415,35.277526091227685
0.8308308308308305,0.7609926290520036,35.40147939021109
0.8508508508508505,0.6691958246462187,35.524986698694136
0.8708708708708706,0.5514953447448668,35.64803947898583
0.8908908908908906,0.4127826033068056,35.77062933678078
0.9109109109109106,0.25874634650581985,35.89274802295712
0.9309309309309306,0.09563986531288828,36.01438743528271
0.9509509509509506,-0.06997240565068982,36.13553962002917
0.9709709709709706,-0.2314786525052705,36.25619677349377
0.9909909909909906,-0.38248322853817973,36.37635124342899
1.0110110110110107,-0.5170594945223327,36.49599553037982
1.0310310310310307,-0.629981974574572,36.61512228892888
1.0510510510510507,-0.7169287520866583,36.73372432884951
1.0710710710710707,-0.7746462871756676,36.851794616167254
1.0910910910910907,-0.8010703951892958,36.9693262741299
1.1111111111111107,-0.795398920646797,37.08631258408663
1.1311311311311307,-0.7581135992698051,37.20274698627688
1.1511511511511507,-0.6909506432108732,37.31862308052929
1.1711711711711708,-0.5968216292544795,37.43393462687169
1.1911911911911908,-0.47968823524442933,37.54867554605261
1.2112112112112108,-0.3443961786830954,37.662839919975404
1.2312312312312308,-0.19647529261140897,37.776421992045655
1.2512512512512508,-0.041913966394011334,37.88941616743296
1.2712712712712708,0.11308286624194178,38.00181701324809
1.2912912912912908,0.26234242793958,38.1136192586366
1.3113113113113108,0.39996953488807185,38.22481779479003
1.3313313313313309,0.5205790273913667,38.335407674875995
1.3513513513513509,0.6195060461898391,38.4453841138883
1.3713713713713709,0.6929859616570607,38.55474248841847
1.391391391391391,0.7382970362402882,38.66347833635007
1.411411411411411,0.7538604390246659,38.77158735647721
1.431431431431431,0.7392939717248688,38.879065408048696
1.451451451451451,0.6954177368597414,38.98590851023932
1.471471471471471,0.6242119058114266,39.09211284154985
1.491491491491491,0.5287286497700653,39.19767473913731
1.511511511511511,0.4129621045548507,39.30259069807708
1.531531531531531,0.2816818797951827,39.40685737055864
1.551551551551551,0.14023703003944094,39.510471565016374
1.571571571571571,-0.0056614741186297385,39.6134302451974
1.591591591591591,-0.15017094515905685,39.715730529167935
1.611611611611611,-0.28755058437876607,39.81736968826012
1.631631631631631,-0.41238916893099803,39.91834514596091
1.651651651651651,-0.5198178047932257,40.01865447674491
1.671671671671671,-0.6056993966200781,40.118295404852915
1.691691691691691,-0.666787478762532,40.21726580301801
1.711711711711711,-0.7008483299146078,40.315563691140945
1.7317317317317311,-0.7067418037368673,40.41318723491672
1.7517517517517511,-0.6844579874563406,40.510134744414124
1.7717717717717711,-0.6351085816463006,40.60640467261011
1.7917917917917912,-0.5608737054397562,40.70199561388081
1.8118118118118112,-0.4649066000047211,40.79690630245103
1.8318318318318312,-0.3512003591519002,40.89113561080401
1.8518518518518512,-0.22442229443886874,40.9846825480534
1.8718718718718712,-0.08972278564710852,41.07754625827904
1.8918918918918912,0.04747357158161355,41.16972601882862
1.9119119119119112,0.18168606684792799,41.261221238586685
1.9319319319319312,0.3075964700397122,41.35203145621313
1.9519519519519513,0.4202594156904606,41.44215633835265
1.9719719719719713,0.5152962682589929,41.53159567781703
1.9919919919919913,0.5890648837114361,41.620349391741996
2.0120120120120113,0.6387987026755687,41.708417519720314
2.0320320320320313,0.6627098834865578,41.79580022191282
2.0520520520520513,0.6600526569617606,41.88249777713913
2.0720720720720713,0.6311446984815279,41.96851058094949
2.0920920920920913,0.5773460015631275,42.05383914367967
2.1121121121121114,0.5009964327874646,42.13848408849017
2.1321321321321314,0.4053147831244186,42.22244614939166
2.1521521521521514,0.29426364079983425,42.3057261692578
2.1721721721721714,0.17238573674715182,42.38832509782739
2.1921921921921914,0.04461850408401783,42.47024398969697
2.2122122122122114,-0.08390559357348994,42.55148400230547
2.2322322322322314,-0.20806490396407246,42.632046393912475
2.2522522522522515,-0.3229523559118605,42.71193252157119
2.2722722722722715,-0.4240690628614845,42.79114383909776
2.2922922922922915,-0.5075001353458783,42.869681895038084
2.3123123123123115,-0.5700658464651466,42.947548330633595
2.3323323323323315,-0.609442330156359,43.02474487778702
2.3523523523523515,-0.6242472511357949,43.101273357029676
2.3723723723723715,-0.6140873159993373,43.17713567549117
2.3923923923923915,-0.5795660387635183,43.25233382487296
2.4124124124124116,-0.5222517687688936,43.32686987942668
2.4324324324324316,-0.444607570472414,43.40074599393844
2.4524524524524516,-0.3498860503779539,43.47396440172022
2.4724724724724716,-0.24199359686745986,43.54652741260917
2.4924924924924916,-0.12532968052750432,43.6184374109761
2.5125125125125116,-0.004607810182088273,43.689696853743825
2.5325325325325316,0.11533458260729997,43.76030826841654
2.5525525525525516,0.22972967514341153,43.83027425112095
2.5725725725725717,0.3340684709554101,43.89959746466012
2.5925925925925917,0.4242782059562785,43.96828063658075
2.6126126126126117,0.49688097634496237,44.0363265572548
2.6326326326326317,0.5491274241987859,44.10373807797612
2.6526526526526517,0.5791003586394452,44.170518109072844
2.6726726726726717,0.5857844279575786,44.236669618036274
2.6926926926926917,0.5690993403307045,44.30219562766682
2.7127127127127117,0.5298956015953223,44.36709921423776
2.7327327327327318,0.46991323868673873,44.43138350567725
2.7527527527527518,0.39170544689557646,44.495051679769304
2.772772772772772,0.2985304797605476,44.5581069623742
2.792792792792792,0.19421633797721427,44.62055262566875
2.812812812812812,0.08300386003523062,44.682391986407154
2.8328328328328336,-0.030625367719748917,44.74362840420254
2.8528528528528536,-0.14212931086197966,44.80426527982985
2.8728728728728736,-0.24708675458654597,44.864306053550436
2.8928928928928936,-0.3413723166577398,44.92375420345864
2.9129129129129137,-0.4213182894924817,44.98261324385075
2.9329329329329337,-0.483856974666222,45.04088672361659
2.9529529529529537,-0.5266380001263142,45.098578224654155
2.9729729729729737,-0.5481161501011061,45.15569136030739
2.9929929929929937,-0.5476064470224205,45.212229773827424
3.0130130130130137,-0.5253045542470672,45.2681971368575
3.0330330330330337,-0.48227196409482165,45.323597147941705
3.0530530530530537,-0.4203868416333756,45.37843353105772
3.0730730730730738,-0.34226275469470446,45.43271003417378
3.0930930930930938,-0.25113878103391635,45.48643042782976
3.113113113113114,-0.15074559496714787,45.53959850374281
3.133133133133134,-0.04515305520003726,45.59221807343731
3.153153153153154,0.06139449217911097,45.64429296689936
3.173173173173174,0.16464854215968833,45.69582703125589
3.193193193193194,0.2605255662609889,45.74682412947822
3.213213213213214,0.34526823243172006,45.79728813911033
3.233233233233234,0.415592355532426,45.84722295102159
3.253253253253254,0.4688138431774408,45.89663246818411
3.273273273273274,0.5029507436974113,45.94552060447448
3.293293293293294,0.5167965330167397,45.99389128350006
3.313313313313314,0.5099619528242509,46.0417484374496
3.333333333333334,0.48288398559768186,46.08909600596803
3.353353353353354,0.43680187136854925,46.13593793505554
3.373373373373374,0.37370138370270467,46.18227817599069
3.393393393393394,0.29622983603250025,46.228120684277386
3.413413413413414,0.20758543477980645,46.27346941861572
3.433433433433434,0.11138558793315713,46.318328339896375
3.453453453453454,0.011519578614747715,46.362701410218584
3.473473473473474,-0.08800840765684488,46.406592591931314
3.493493493493494,-0.18323957711878602,46.45000584669764
3.513513513513514,-0.27041773668749836,46.492945134582
3.533533533533534,-0.3461371849103459,46.5354144131602
3.553553553553554,-0.4074754727959256,46.57741763665199
3.573573573573574,-0.45210587095206733,46.61895875507582
3.593593593593594,-0.4783852283906626,46.6600417134259
3.613613613613614,-0.48541392225204644,46.70067045087083
3.633633633633634,-0.4730657348873044,46.74084889997416
3.653653653653654,-0.4419867089680547,46.780580985936055
3.673673673673674,-0.39356327362567567,46.81987062585626
3.693693693693694,-0.32986115538319133,46.85872172801791
3.713713713713714,-0.25353773841547866,46.8971381911919
3.733733733733734,-0.16773157421140011,46.93512390396165
3.753753753753754,-0.07593362071673888,46.97268274406803
3.773773773773774,0.018154518276701326,47.00981857777393
3.7937937937937942,0.1107696073439982,47.046535259248536
3.8138138138138142,0.19823705820818255,47.08283662997084
3.8338338338338342,0.27711648149103746,47.11872651815207
3.8538538538538543,0.34433675577326045,47.154208738176905
3.8738738738738743,0.3973153214510958,47.189287090063054
3.8938938938938943,0.4340570769866272,47.223965358939026
3.9139139139139143,0.453229103898637,47.25824731453971
3.9339339339339343,0.4542084390228575,47.29213671071954
3.9539539539539543,0.43710120754895243,47.32563728498292
3.9739739739739743,0.4027325837135888,47.35875275803161
3.9939939939939944,0.3526082114213206,47.391486833328884
4.014014014014014,0.28884884799601024,47.42384319667995
4.034034034034034,0.21410104599580737,47.455825515828614
4.054054054054054,0.13142761932423755,47.48743744006971
4.074074074074074,0.04418241463096365,47.51868259987702
4.094094094094094,-0.04412550237080204,47.5495646065465
4.114114114114114,-0.12997275548212134,47.58008705185439
4.134134134134134,-0.20996201230221886,47.61025350773007
4.1541541541541545,-0.28095620214979966,47.640067525943195
4.1741741741741745,-0.34020130432014867,47.66953263780498
4.1941941941941945,-0.38543291052822604,47.69865235388326
4.2142142142142145,-0.414962449474592,47.72743016373115
4.2342342342342345,-0.42773980377284393,47.755869535628804
4.2542542542542545,-0.4233900152064324,47.78397391633826
4.2742742742742745,-0.4022228240160967,47.81174673087098
4.2942942942942945,-0.3652148792043962,47.839191382267664
4.314314314314315,-0.31396554591331743,47.866311251390385
4.334334334334335,-0.2506282794543925,47.8931096967265
4.354354354354355,-0.17782049237632808,47.91959005420411
4.374374374374375,-0.09851567365095357,47.94575563701901
4.394394394394395,-0.015922195490666802,47.971609735472626
4.414414414414415,0.06664626219804665,47.99715561682074
4.434434434434435,0.1459034454009781,48.02239652513285
4.454454454454455,0.21872110926901767,48.0473356811618
4.474474474474475,0.28225227065203184,48.071976282223496
4.494494494494495,0.33404228257135826,48.09632150208641
4.514514514514515,0.3721234066914779,48.120374490870645
4.534534534534535,0.3950892511646854,48.14413837495637
4.554554554554555,0.4021462716104985,48.16761625690126
4.574574574574575,0.39314046829312504,48.19081121536692
4.594594594594595,0.36855841471114414,48.21372630505378
4.614614614614615,0.32950278139208955,48.23636455664452
4.634634634634635,0.27764353253977636,48.25872897675552
4.654654654654655,0.2151469320771799,48.28082254789643
4.674674674674675,0.14458536183413764,48.302648228437306
4.694694694694695,0.06883169440897392,48.32420895258335
4.714714714714715,-0.009057451850568055,48.345507630356956
4.734734734734735,-0.0859648402950513,48.36654714758676
4.754754754754755,-0.15883717412943762,48.387330365903715
4.774774774774775,-0.22480611610616377,48.40786012274371
4.794794794794795,-0.2813009810587135,48.42813923135684
4.814814814814815,-0.3261486822180227,48.44817048082274
4.834834834834835,-0.3576570548353747,48.46795663607231
4.854854854854855,-0.3746783731836291,48.487500437915116
4.874874874874875,-0.37665069076219965,48.50680460307265
4.894894894894895,-0.36361553513376116,48.52587182421707
4.914914914914915,-0.33621144168527123,48.544704770015386
4.934934934934935,-0.295643776396994,48.563306085178795
4.954954954954955,-0.24363223787656998,48.58167839051701
4.974974974974975,-0.1823383062535885,48.59982428299756
4.994994994994995,-0.11427568661427198,48.61774633580966
5.015015015015015,-0.04220744721195876,48.63544709843271
5.035035035035035,0.030965947239299022,48.65292909670909
5.055055055055055,0.10232317798153967,48.670194832921254
5.075075075075075,0.16903851513273743,48.68724678587285
5.095095095095095,0.22849352715217364,48.70408741097374
5.115115115115115,0.278379648259014,48.72071914032887
5.135135135135135,0.31678759425364567,48.737144382830664
5.155155155155155,0.3422801726416611,48.753365524255045
5.175175175175175,0.35394572146318126,48.76938492736073
5.195195195195195,0.35143020431993754,48.785204931991714
5.215215215215215,0.33494685436783167,48.80082785518296
5.235235235235235,0.30526316248743157,48.81625599126898
5.255255255255255,0.26366590824280633,48.83149161199529
5.275275275275275,0.21190580062486733,48.84653696663257
5.295295295295295,0.15212409466409996,48.86139428209341
5.315315315315315,0.08676424853598766,48.87606576305161
5.335335335335335,0.018472256768772653,48.89055359206383
5.355355355355355,-0.050010283111996894,48.904859929693416
5.375375375375375,-0.11595605629974032,48.91898691463651
5.395395395395395,-0.17676047147960092,48.93293666385018
5.415415415415415,-0.23004435193913572,48.946711272682414
5.435435435435435,-0.27374683548544376,48.96031281500409
5.455455455455455,-0.3062048635892671,48.9737433433426
5.475475475475475,-0.32621620283242536,48.987004889017186
5.495495495495495,-0.33308362157704835,49.000099462275806
5.515515515515515,-0.326638613809174,49.01302905243351
5.535535535535535,-0.3072438890142867,49.02579562801219
5.555555555555555,-0.27577469834359747,49.038401136881596
5.575575575575575,-0.23357990914379712,49.05084750640162
5.595595595595595,-0.1824245387195836,49.0631366435657
5.615615615615615,-0.12441618252627412,49.075270435145285
5.635635635635635,-0.06191839361294639,49.087250747835256
5.655655655655655,0.0025454348683185864,49.099079428400316
5.675675675675675,0.06639378259660479,49.11075830382213
5.6956956956956954,0.1270902173734893,49.1222891814473
5.7157157157157155,0.18224399253387485,49.13367384913603
5.7357357357357355,0.22970404330071093,49.14491407541135
5.7557557557557555,0.2676426934182505,49.15601160960904
5.7757757757757755,0.29462582237884155,49.16696818202789
5.7957957957957955,0.30966680838375565,49.17778550408056
5.8158158158158155,0.31226222936385034,49.1884652684447
5.8358358358358355,0.3024080465586935,49.19900914921452
5.8558558558558556,0.28059578217451114,49.20941880205246
5.875875875875876,0.24778900282858374,49.21969586434129
5.895895895895896,0.20538120188584175,49.22984195533617
5.915915915915916,0.1551369054504369,49.239858676316985
5.935935935935936,0.09911847996575826,49.249747610740656
5.955955955955956,0.039601668727764314,49.259510324393496
5.975975975975976,-0.021016690908863454,49.26914836554353
5.995995995995996,-0.08031503415362756,49.278663265092774
6.016016016016017,-0.1359436510006291,49.288056536729385
6.0360360360360374,-0.18571763808666006,49.29732967707963
6.0560560560560575,-0.22770254940120022,49.3064841658597
6.0760760760760775,-0.26028939494664505,49.315521466027256
6.0960960960960975,-0.28225608715523626,49.32444302393276
6.1161161161161175,-0.292812997417977,49.333250269470426
6.1361361361361375,-0.29163093618756997,49.3419446162289
6.1561561561561575,-0.2788505831597803,49.35052746164151
6.1761761761761775,-0.2550731401405758,49.359000187136175
6.1961961961961975,-0.22133272840925902,49.367364158284786
6.216216216216218,-0.1790517748455171,49.37562072495221
6.236236236236238,-0.12998129825836477,49.383771221444775
6.256256256256258,-0.07612859312310662,49.3918169666582
6.276276276276278,-0.019675289632764527,49.39975926422497
6.296296296296298,0.03711087174006012,49.40759940266123
6.316316316316318,0.09196698942055243,49.415338655513
6.336336336336338,0.14272503189419378,49.422978281501706
6.356356356356358,0.18739737468660436,49.430519524669265
6.376376376376378,0.22425447439745977,49.43796361452232
6.396396396396398,0.25189165086162874,49.44531176617583
6.416416416416418,0.26928240619622895,49.45256518049604
6.436436436436438,0.27581626586986796,49.459725044242646
6.456456456456458,0.2713197590673829,49.46679253021022
6.476476476476478,0.2560598377548612,49.473768797368905
6.496496496496498,0.23072973842611066,49.48065499100433
6.516516516516518,0.19641798930996632,49.48745224285673
6.536536536536538,0.1545619310698231,49.49416167125926
6.556556556556558,0.1068877245212797,49.50078438127548
6.576576576576578,0.05533934100703145,49.50732146483604
6.596596596596598,0.0019994496836484446,49.51377400087448
6.616616616616618,-0.05099458474392588,49.520143055462185
6.636636636636638,-0.10153621131783892,49.52642968194253
6.656656656656658,-0.14763329362556352,49.53263492106403
6.676676676676678,-0.18748648977953858,49.53875980111272
6.696696696696698,-0.21955933347908047,49.544805338043574
6.716716716716718,-0.24263729292637784,49.550772535611024
6.736736736736738,-0.2558735448009021,49.55666238549858
6.756756756756758,-0.25881974732220386,49.562475867447546
6.776776776776778,-0.2514407071955755,49.56821394938472
6.796796796796798,-0.23411248511833002,49.57387758754932
6.816816816816818,-0.2076041473473306,49.57946772661879
6.836836836836838,-0.1730440201054772,49.5849852998338
6.856856856856858,-0.13187191360116188,49.59043122912221
6.876876876876878,-0.08577932918397883,49.59580642522213
6.896896896896898,-0.03664012540455533,49.60111178780399
6.916916916916918,0.013565521238354505,49.60634820559166
6.936936936936938,0.06283078080861912,49.61151655648259
6.956956956956958,0.10920225991772246,49.61661770766705
6.976976976976978,0.15085732598691287,49.621652515746234
6.996996996996998,0.1861756101259407,49.62662182684964
7.017017017017018,0.21380188904705907,49.63152647675122
7.037037037037038,0.2326979119008058,49.63636729098472
7.057057057057058,0.24218119735741528,49.641145084958
7.077077077077078,0.241949360628139,49.64586066406635
7.097097097097098,0.2320891175571905,49.65051482380488
7.117117117117118,0.21306972961262174,49.65510834987987
7.137137137137138,0.18572127478351744,49.659642018319175
7.157157157157158,0.15119873029106926,49.6641165955817
7.177177177177178,0.11093340988661791,49.66853283866581
7.197197197197198,0.06657378952704888,49.67289149521684
7.217217217217218,0.019918161368366202,49.67719330363356
7.237237237237238,-0.02715813818717643,49.68143899317377
7.257257257257258,-0.07277798658735833,49.685629284058834
7.277277277277278,-0.11513720405921288,49.6897648875773
7.297297297297298,-0.15257578317323262,49.69384650618751
7.317317317317318,-0.18364281181942171,49.69787483361932
7.337337337337338,-0.2071525557822498,49.7018505549748
7.357357357357358,-0.22222953918380506,49.705774346827965
7.377377377377378,-0.22834091622182764,49.70964687732365
7.397397397397398,-0.22531494708268718,49.713468806275316
7.417417417417418,-0.2133449534702428,49.717240785262
7.437437437437438,-0.19297871212457782,49.72096345772428
7.457457457457458,-0.16509382464499484,49.72463745905932
7.477477477477478,-0.1308601558200246,49.72826341671497
7.497497497497498,-0.09169093866503945,49.73184195028293
7.517517517517518,-0.04918458271723294,49.73537367159101
7.537537537537538,-0.005059575930282984,49.73885918479451
7.557557557557558,0.03891487366054112,49.74229908646652
7.577577577577578,0.08098966186905211,49.74569396568756
7.5975975975975985,0.1195052472061284,49.74904440413407
7.6176176176176185,0.1529569908781885,49.752350976166184
7.6376376376376385,0.18005381007509397,49.75561424891446
7.6576576576576585,0.1997678633173755,49.75883478236587
7.6776776776776785,0.21137336177674487,49.76201312944876
7.6976976976976985,0.21447304850326646,49.76514983611703
7.7177177177177185,0.2090113899736601,49.76824544143341
7.7377377377377385,0.19527406088344795,49.771300477651806
7.7577577577577586,0.17387385201513625,49.77431547029893
7.777777777777779,0.1457236703782992,49.77729093825491
7.797797797797799,0.11199780924327847,49.78022739383313
7.817817817817819,0.0740831231882275,49.78312534285924
7.837837837837839,0.03352213204592977,49.78598528474929
7.857857857857859,-0.0080496172535882,49.78880771258699
7.877877877877879,-0.04896939197309708,49.791593113200264
7.897897897897899,-0.08761367177665767,49.79434196723686
7.917917917917919,-0.12246245658174791,49.7970547492392
7.937937937937939,-0.15215894109692787,49.799731927718426
7.957957957957959,-0.17556221778841763,49.8023739652276
7.977977977977979,-0.19179096615682928,49.80498131843414
7.997997997997999,-0.20025646126314295,49.807554438191474
8.018018018018019,-0.20068367286304145,49.81009376960988
8.038038038038039,-0.1931197103352069,49.81259975212655
8.058058058058059,-0.17792937820233332,49.81507281957491
8.078078078078079,-0.1557781219537342,49.817513400253105
8.098098098098099,-0.12760314354842053,49.81992191699185
8.118118118118119,-0.09457393064069955,49.82229878722138
8.138138138138139,-0.058043855011026914,49.824644423037725
8.158158158158159,-0.01949483795106303,49.82695923126829
8.178178178178179,0.01952265962777246,49.82924361353659
8.198198198198199,0.05745189651201856,49.83149796632635
8.218218218218219,0.092791863895183,49.83372268104483
8.238238238238239,0.12415658516722335,49.83591814408547
8.258258258258259,0.15032936412676473,49.83808473688977
8.278278278278279,0.17030986267830708,49.840222836008564
8.298298298298299,0.1833521913837634,49.84233281316247
8.318318318318319,0.18899256844049128,49.84441503530176
8.338338338338339,0.18706552938433008,49.84646986466548
8.358358358358359,0.17770813364626492,49.84849765883993
8.378378378378379,0.16135209626754785,49.85049877081643
8.398398398398399,0.13870425426212005,49.85247354904847
8.418418418418419,0.1107162381624758,49.85442233750817
8.438438438438439,0.07854464200531519,49.85634547574208
8.458458458458459,0.04350335288672837,49.85824329892637
8.478478478478479,0.007010000038309126,49.86011613792132
8.498498498498499,-0.029471298197662015,49.861964319325246
8.518518518518519,-0.06448858113674893,49.86378816552775
8.538538538538539,-0.09665974084404981,49.86558799476237
8.558558558558559,-0.12472697671501037,49.86736412115857
8.578578578578579,-0.1476058679484516,49.86911685479319
8.598598598598599,-0.1644271536191568,49.87084650174124
8.618618618618619,-0.17456961555167302,49.872553364126134
8.63863863863864,-0.17768282613008413,49.87423774016928
8.65865865865866,-0.17369893645541362,49.87589992423911
8.67867867867868,-0.16283312306381498,49.877540206899575
8.6986986986987,-0.14557276588457593,49.879158874957994
8.71871871871872,-0.12265587806518187,49.88075621151236
8.73873873873874,-0.09503973194363691,49.88233249599812
8.75875875875876,-0.06386100813716175,49.883888004234336
8.77877877877878,-0.030389121535917593,49.88542300846933
8.7987987987988,0.0040253636221622025,49.886937777425786
8.81881881881882,0.03800513720273244,49.88843257634534
8.83883883883884,0.07020117726371634,49.88990766703252
8.85885885885886,0.09934621924198477,49.89136330789831
8.87887887887888,0.12430454449783918,49.89279975400311
8.8988988988989,0.14411613585207403,49.89421725709917
8.91891891891892,0.15803348753183308,49.89561606567253
8.93893893893894,0.16554966297599158,49.89699642498448
8.95895895895896,0.1664165535289341,49.89835857711248
8.97897897897898,0.16065268943408767,49.8997027609906
8.998998998999,0.14854037555916888,49.90102921244947
9.01901901901902,0.13061235100547827,49.90233816425574
9.03903903903904,0.10762858714359123,49.903629846151084
9.05905905905906,0.08054422623416484,49.90490448489069
9.07907907907908,0.05047000742861203,49.90616230428131
9.0990990990991,0.018626815225432768,49.907403525218825
9.11911911911912,-0.013703793640856185,49.90862836572539
9.13913913913914,-0.04523108363504397,49.909837040986105
9.15915915915916,-0.0747065884851184,49.911029763385166
9.17917917917918,-0.10097346646100408,49.91220674254171
9.1991991991992,-0.12301181508330601,49.913368185345135
9.21921921921922,-0.13997817383869757,49.91451429598996
9.23923923923924,-0.15123768894096934,49.915645276010345
9.25925925925926,-0.1563877184187946,49.916761324314095
9.27927927927928,-0.15527200625446735,49.91786263721633
9.2992992992993,-0.14798493662511222,49.91894940847267
9.31931931931932,-0.1348657780371619,49.92002182931202
9.33933933933934,-0.11648322629441725,49.921080088469026
9.35935935935936,-0.0936109389092101,49.922124372216004
9.37937937937938,-0.06719510660746247,49.923154864394604
9.3993993993994,-0.03831541618403726,49.924171746446945
9.41941941941942,-0.008141011205771341,49.925175197446514
9.43943943943944,0.02211675665435497,49.92616539412854
9.45945945945946,0.05125287942597159,49.92714251092009
9.47947947947948,0.07811660490246669,49.92810671996975
9.4994994994995,0.10165680702428087,49.929058191176935
9.51951951951952,0.12096302898977773,49.92999709222083
9.53953953953954,0.13530059997851726,49.93092358858901
9.55955955955956,0.1441384750130085,49.931837843605635
9.57957957957958,0.1471687478957049,49.93274001845937
9.5995995995996,0.1443171269680362,49.933630272230886
9.61961961961962,0.1357440288080156,49.93450876192003
9.63963963963964,0.12183632116582045,49.93537564247275
9.65965965965966,0.10319011837336063,49.9362310668075
9.67967967967968,0.08058538538397089,49.9370751858415
9.6996996996997,0.05495342660647757,49.93790814851655
9.71971971971972,0.0273386103192857,49.93873010182454
9.73973973973974,-0.0011441018838732379,49.93954119083268
9.75975975975976,-0.029354096711512335,49.94034155870837
9.77977977977978,-0.056170713345003065,49.94113134674379
9.7997997997998,-0.08053768970523884,49.94191069438012
9.81981981981982,-0.10150469096616124,49.94267973923155
9.83983983983984,-0.11826429063723728,49.943438617108896
9.85985985985986,-0.13018296853569894,49.94418746204297
9.87987987987988,-0.13682493956475686,49.94492640630764
9.8998998998999,-0.13796792202803806,49.945655580442576
9.91991991991992,-0.13361028214810478,49.94637511327579
9.93993993993994,-0.12396933920105377,49.947085131945755
9.95995995995996,-0.10947096923072436,49.94778576192337
9.97997997997998,-0.09073099054630375,49.948477127033584
10.0,-0.06852913746087819,49.949159349476744
